speed_mph,speed_kmh,categoria_trafico
68.08,109.56386719999999,Vías rápidas
67.69,108.9362246,Vías rápidas
67.24,108.21202159999999,Vías rápidas
67.26,108.2442084,Vías rápidas
68.23,109.8052682,Vías rápidas
68.72,110.5938448,Vías rápidas
68.63,110.44900419999999,Vías rápidas
68.46,110.17541639999999,Vías rápidas
68.98,111.01227320000001,Vías rápidas
69.24,111.43070159999999,Vías rápidas
67.18,108.11546120000001,Vías rápidas
66.5,107.02111,Vías rápidas
65.99,106.20034659999999,Vías rápidas
66.09,106.3612806,Vías rápidas
66.15,106.457841,Vías rápidas
66.18,106.50612120000001,Vías rápidas
65.54,105.47614360000001,Vías rápidas
67.98,109.4029332,Vías rápidas
68.19,109.74089459999999,Vías rápidas
68.54,110.30416360000001,Vías rápidas
68.64,110.4650976,Vías rápidas
68.54,110.30416360000001,Vías rápidas
68.62,110.4329108,Vías rápidas
68.07,109.54777379999999,Vías rápidas
67.78,109.0810652,Vías rápidas
67.08,107.9545272,Vías rápidas
67.02,107.8579668,Vías rápidas
67.77,109.0649718,Vías rápidas
69.09,111.18930060000001,Vías rápidas
69.74,112.2353716,Vías rápidas
60.03,96.6086802,Vías rápidas
47.95,77.16785300000001,Vías rápidas
51.73,83.25115819999999,Vías rápidas
64.69,104.1082046,Vías rápidas
66.57,107.13376379999998,Vías rápidas
67.27,108.2603018,Vías rápidas
67.19,108.1315546,Vías rápidas
67.1,107.98671399999999,Vías rápidas
66.87,107.6165658,Vías rápidas
67.06,107.92234040000001,Vías rápidas
66.92,107.6970328,Vías rápidas
65.92,106.0876928,Vías rápidas
66.61,107.1981374,Vías rápidas
68.1,109.596054,Vías rápidas
68.54,110.30416360000001,Vías rápidas
68.7,110.56165800000001,Vías rápidas
68.48,110.20760320000001,Vías rápidas
68.06,109.5316804,Vías rápidas
67.74,109.01669159999999,Vías rápidas
67.08,107.9545272,Vías rápidas
67.19,108.1315546,Vías rápidas
67.57,108.74310379999999,Vías rápidas
69.19,111.3502346,Vías rápidas
63.87,102.7885458,Vías rápidas
48.19,77.5540946,Vías rápidas
29.88,48.0870792,Tráfico fluido
54.46,87.6446564,Vías rápidas
62.22,100.1331348,Vías rápidas
62.86,101.1631124,Vías rápidas
63.05,101.468887,Vías rápidas
62.92,101.2596728,Vías rápidas
62.06,99.87564040000001,Vías rápidas
61.38,98.7812892,Vías rápidas
59.38,95.5626092,Vías rápidas
59.78,96.2063452,Vías rápidas
58.86,94.7257524,Vías rápidas
57.19,92.0381546,Vías rápidas
59.48,95.7235432,Vías rápidas
58.82,94.6613788,Vías rápidas
59.58,95.88447719999999,Vías rápidas
60.09,96.70524060000001,Vías rápidas
59.99,96.5443066,Vías rápidas
60.72,97.7191248,Vías rápidas
60.73,97.73521819999999,Vías rápidas
60.74,97.75131160000001,Vías rápidas
60.57,97.4777238,Vías rápidas
61.27,98.6042618,Vías rápidas
58.72,94.5004448,Vías rápidas
47.42,76.3149028,Vías rápidas
30.38,48.8917492,Tráfico fluido
32.33,52.0299622,Tráfico fluido
56.02,90.15522680000001,Vías rápidas
61.82,99.4893988,Vías rápidas
62.28,100.2296952,Vías rápidas
61.63,99.1836242,Vías rápidas
62.46,100.5193764,Vías rápidas
61.96,99.7147064,Vías rápidas
59.21,95.2890214,Vías rápidas
58.92,94.8223128,Vías rápidas
59.86,96.3350924,Vías rápidas
59.84,96.3029056,Vías rápidas
60.61,97.5420974,Vías rápidas
59.22,95.3051148,Vías rápidas
56.96,91.6680064,Vías rápidas
58.64,94.3716976,Vías rápidas
60.24,96.9466416,Vías rápidas
60.89,97.9927126,Vías rápidas
60.72,97.7191248,Vías rápidas
60.78,97.8156852,Vías rápidas
60.98,98.1375532,Vías rápidas
61.87,99.5698658,Vías rápidas
60.57,97.4777238,Vías rápidas
50.39,81.0946426,Vías rápidas
34.72,55.8762848,Tráfico fluido
33.87,54.508345799999994,Tráfico fluido
60.09,96.70524060000001,Vías rápidas
61.32,98.6847288,Vías rápidas
61.27,98.6042618,Vías rápidas
61.76,99.3928384,Vías rápidas
61.68,99.2640912,Vías rápidas
61.81,99.4733054,Vías rápidas
60.64,97.5903776,Vías rápidas
61.5,98.97441,Vías rápidas
61.27,98.6042618,Vías rápidas
61.42,98.8456628,Vías rápidas
62.82,101.0987388,Vías rápidas
63.11,101.5654474,Vías rápidas
63.24,101.7746616,Vías rápidas
62.75,100.986085,Vías rápidas
61.62,99.1675308,Vías rápidas
61.41,98.8295694,Vías rápidas
60.93,98.0570862,Vías rápidas
60.93,98.0570862,Vías rápidas
61.07,98.2823938,Vías rápidas
62.29,100.2457886,Vías rápidas
60.63,97.57428420000001,Vías rápidas
57.72,92.8911048,Vías rápidas
47.38,76.2505292,Vías rápidas
33.74,54.2991316,Tráfico fluido
57.1,91.893314,Vías rápidas
60.84,97.9122456,Vías rápidas
62.28,100.2296952,Vías rápidas
61.97,99.7307998,Vías rápidas
61.87,99.5698658,Vías rápidas
61.77,99.4089318,Vías rápidas
61.11,98.3467674,Vías rápidas
61.01,98.18583339999999,Vías rápidas
59.48,95.7235432,Vías rápidas
61.08,98.2984872,Vías rápidas
63.88,102.8046392,Vías rápidas
62.75,100.986085,Vías rápidas
62.96,101.3240464,Vías rápidas
63.17,101.6620078,Vías rápidas
62.3,100.261882,Vías rápidas
61.85,99.537679,Vías rápidas
61.26,98.5881684,Vías rápidas
60.85,97.92833900000001,Vías rápidas
60.91,98.0248994,Vías rápidas
61.12,98.36286079999999,Vías rápidas
61.63,99.1836242,Vías rápidas
61.11,98.3467674,Vías rápidas
60.46,97.3006964,Vías rápidas
60.18,96.8500812,Vías rápidas
61.16,98.42723439999999,Vías rápidas
57.09,91.8772206,Vías rápidas
57.56,92.63361040000001,Vías rápidas
56.04,90.1874136,Vías rápidas
55.64,89.5436776,Vías rápidas
56.73,91.2978582,Vías rápidas
57.0,91.73238,Vías rápidas
58.05,93.422187,Vías rápidas
57.15,91.973781,Vías rápidas
59.32,95.4660488,Vías rápidas
60.91,98.0248994,Vías rápidas
58.6,94.30732400000001,Vías rápidas
59.59,95.90057060000001,Vías rápidas
58.52,94.1785768,Vías rápidas
59.82,96.2707188,Vías rápidas
60.63,97.57428420000001,Vías rápidas
60.19,96.8661746,Vías rápidas
60.83,97.8961522,Vías rápidas
60.78,97.8156852,Vías rápidas
61.02,98.20192680000001,Vías rápidas
61.29,98.6364486,Vías rápidas
61.09,98.3145806,Vías rápidas
60.92,98.0409928,Vías rápidas
59.02,94.9832468,Vías rápidas
56.33,90.6541222,Vías rápidas
59.91,96.41555939999999,Vías rápidas
55.08,88.64244719999999,Vías rápidas
52.66,84.74784439999999,Vías rápidas
55.43,89.2057162,Vías rápidas
56.5,90.92771,Vías rápidas
54.84,88.2562056,Vías rápidas
57.78,92.9876652,Vías rápidas
59.78,96.2063452,Vías rápidas
58.49,94.13029660000001,Vías rápidas
62.17,100.05266780000001,Vías rápidas
61.68,99.2640912,Vías rápidas
57.14,91.9576876,Vías rápidas
61.47,98.9261298,Vías rápidas
61.22,98.5237948,Vías rápidas
61.21,98.5077014,Vías rápidas
60.66,97.62256439999999,Vías rápidas
60.55,97.445537,Vías rápidas
60.95,98.089273,Vías rápidas
61.64,99.1997176,Vías rápidas
58.68,94.4360712,Vías rápidas
37.67,60.623837800000004,Tráfico fluido
21.97,35.3571998,Tráfico moderado
28.66,46.1236844,Tráfico fluido
57.08,91.8611272,Vías rápidas
61.43,98.8617562,Vías rápidas
61.18,98.4594212,Vías rápidas
60.91,98.0248994,Vías rápidas
60.98,98.1375532,Vías rápidas
58.65,94.38779099999999,Vías rápidas
57.87,93.13250579999999,Vías rápidas
59.1,95.111994,Vías rápidas
59.12,95.1441808,Vías rápidas
59.7,96.07759800000001,Vías rápidas
61.19,98.4755146,Vías rápidas
62.59,100.7285906,Vías rápidas
62.59,100.7285906,Vías rápidas
61.94,99.68251959999999,Vías rápidas
61.33,98.70082219999999,Vías rápidas
61.16,98.42723439999999,Vías rápidas
60.82,97.8800588,Vías rápidas
60.78,97.8156852,Vías rápidas
60.73,97.73521819999999,Vías rápidas
60.48,97.3328832,Vías rápidas
50.18,80.7566812,Vías rápidas
31.13,50.098754199999995,Tráfico fluido
22.41,36.0653094,Tráfico moderado
20.71,33.329431400000004,Tráfico moderado
22.72,36.5642048,Tráfico moderado
49.82,80.1773188,Vías rápidas
58.67,94.4199778,Vías rápidas
58.21,93.6796814,Vías rápidas
57.15,91.973781,Vías rápidas
58.9,94.790126,Vías rápidas
57.06,91.82894040000001,Vías rápidas
58.78,94.5970052,Vías rápidas
59.65,95.997131,Vías rápidas
60.49,97.3489766,Vías rápidas
57.06,91.82894040000001,Vías rápidas
57.3,92.215182,Vías rápidas
60.59,97.50991060000001,Vías rápidas
61.34,98.71691560000001,Vías rápidas
62.21,100.1170414,Vías rápidas
60.91,98.0248994,Vías rápidas
60.87,97.9605258,Vías rápidas
60.86,97.9444324,Vías rápidas
60.49,97.3489766,Vías rápidas
61.39,98.7973826,Vías rápidas
55.72,89.6724248,Vías rápidas
37.55,60.430716999999994,Tráfico fluido
25.11,40.4105274,Tráfico fluido
26.29,42.3095486,Tráfico fluido
29.77,47.9100518,Tráfico fluido
60.93,98.0570862,Vías rápidas
62.91,101.24357939999999,Vías rápidas
64.88,104.41397919999999,Vías rápidas
62.67,100.8573378,Vías rápidas
62.04,99.8434536,Vías rápidas
61.17,98.4433278,Vías rápidas
61.78,99.42502520000001,Vías rápidas
60.02,96.5925868,Vías rápidas
60.54,97.4294436,Vías rápidas
62.75,100.986085,Vías rápidas
62.75,100.986085,Vías rápidas
62.46,100.5193764,Vías rápidas
62.11,99.9561074,Vías rápidas
61.52,99.00659680000001,Vías rápidas
61.24,98.55598160000001,Vías rápidas
60.82,97.8800588,Vías rápidas
60.68,97.65475119999999,Vías rápidas
60.44,97.2685096,Vías rápidas
61.79,99.4411186,Vías rápidas
57.67,92.81063780000001,Vías rápidas
35.46,57.0671964,Tráfico fluido
23.38,37.6263692,Tráfico moderado
25.76,41.456598400000004,Tráfico fluido
33.22,53.462274799999996,Tráfico fluido
61.09,98.3145806,Vías rápidas
62.08,99.9078272,Vías rápidas
61.37,98.7651958,Vías rápidas
61.88,99.5859592,Vías rápidas
62.39,100.4067226,Vías rápidas
59.96,96.4960264,Vías rápidas
60.54,97.4294436,Vías rápidas
60.51,97.38116339999999,Vías rápidas
60.58,97.4938172,Vías rápidas
62.72,100.9378048,Vías rápidas
62.59,100.7285906,Vías rápidas
62.56,100.6803104,Vías rápidas
62.18,100.0687612,Vías rápidas
61.83,99.50549219999999,Vías rápidas
61.42,98.8456628,Vías rápidas
61.04,98.2341136,Vías rápidas
60.86,97.9444324,Vías rápidas
61.09,98.3145806,Vías rápidas
62.56,100.6803104,Vías rápidas
60.86,97.9444324,Vías rápidas
48.07,77.3609738,Vías rápidas
29.31,47.1697554,Tráfico fluido
31.87,51.2896658,Tráfico fluido
27.25,43.854515,Tráfico fluido
46.85,75.39757900000001,Vías rápidas
61.99,99.7629866,Vías rápidas
61.48,98.9422232,Vías rápidas
61.98,99.74689319999999,Vías rápidas
61.28,98.6203552,Vías rápidas
60.42,97.2363228,Vías rápidas
61.13,98.37895420000001,Vías rápidas
60.26,96.9788284,Vías rápidas
60.64,97.5903776,Vías rápidas
62.98,101.35623319999999,Vías rápidas
63.12,101.5815408,Vías rápidas
63.05,101.468887,Vías rápidas
62.75,100.986085,Vías rápidas
62.25,100.181415,Vías rápidas
61.63,99.1836242,Vías rápidas
61.32,98.6847288,Vías rápidas
60.97,98.1214598,Vías rápidas
61.0,98.16974,Vías rápidas
61.38,98.7812892,Vías rápidas
62.65,100.82515099999999,Vías rápidas
62.29,100.2457886,Vías rápidas
62.53,100.6320302,Vías rápidas
62.78,101.0343652,Vías rápidas
62.92,101.2596728,Vías rápidas
61.42,98.8456628,Vías rápidas
61.0,98.16974,Vías rápidas
60.83,97.8961522,Vías rápidas
60.83,97.8961522,Vías rápidas
60.72,97.7191248,Vías rápidas
59.75,96.158065,Vías rápidas
59.36,95.53042239999999,Vías rápidas
53.16,85.55251439999999,Vías rápidas
60.0,96.5604,Vías rápidas
62.47,100.5354698,Vías rápidas
63.31,101.8873154,Vías rápidas
63.46,102.1287164,Vías rápidas
63.71,102.5310514,Vías rápidas
62.68,100.8734312,Vías rápidas
61.81,99.4733054,Vías rápidas
61.25,98.572075,Vías rápidas
61.22,98.5237948,Vías rápidas
60.96,98.1053664,Vías rápidas
61.4,98.813476,Vías rápidas
61.8,99.457212,Vías rápidas
61.71,99.3123714,Vías rápidas
62.04,99.8434536,Vías rápidas
61.91,99.6342394,Vías rápidas
61.97,99.7307998,Vías rápidas
67.47,108.5821698,Vías rápidas
61.46,98.9100364,Vías rápidas
60.61,97.5420974,Vías rápidas
60.62,97.55819079999999,Vías rápidas
60.53,97.4133502,Vías rápidas
60.62,97.55819079999999,Vías rápidas
61.0,98.16974,Vías rápidas
62.18,100.0687612,Vías rápidas
61.91,99.6342394,Vías rápidas
63.12,101.5815408,Vías rápidas
63.11,101.5654474,Vías rápidas
62.84,101.13092560000001,Vías rápidas
62.95,101.307953,Vías rápidas
62.15,100.020481,Vías rápidas
61.46,98.9100364,Vías rápidas
61.08,98.2984872,Vías rápidas
61.08,98.2984872,Vías rápidas
61.09,98.3145806,Vías rápidas
61.94,99.68251959999999,Vías rápidas
61.72,99.32846479999999,Vías rápidas
59.58,95.88447719999999,Vías rápidas
59.99,96.5443066,Vías rápidas
61.11,98.3467674,Vías rápidas
62.25,100.181415,Vías rápidas
62.18,100.0687612,Vías rápidas
60.89,97.9927126,Vías rápidas
60.74,97.75131160000001,Vías rápidas
61.23,98.5398882,Vías rápidas
60.82,97.8800588,Vías rápidas
61.46,98.9100364,Vías rápidas
61.02,98.20192680000001,Vías rápidas
61.04,98.2341136,Vías rápidas
60.7,97.686938,Vías rápidas
63.07,101.5010738,Vías rápidas
63.07,101.5010738,Vías rápidas
63.07,101.5010738,Vías rápidas
62.43,100.4710962,Vías rápidas
61.84,99.52158560000001,Vías rápidas
61.3,98.652542,Vías rápidas
60.92,98.0409928,Vías rápidas
60.89,97.9927126,Vías rápidas
61.18,98.4594212,Vías rápidas
62.2,100.100948,Vías rápidas
61.22,98.5237948,Vías rápidas
39.6,63.729864,Tráfico fluido
26.3,42.325642,Tráfico fluido
26.09,41.9876806,Tráfico fluido
39.41,63.42408939999999,Tráfico fluido
61.88,99.5859592,Vías rápidas
62.52,100.6159368,Vías rápidas
62.53,100.6320302,Vías rápidas
63.19,101.69419459999999,Vías rápidas
62.62,100.7768708,Vías rápidas
60.65,97.606471,Vías rápidas
61.82,99.4893988,Vías rápidas
61.3,98.652542,Vías rápidas
60.9,98.00880599999999,Vías rápidas
62.86,101.1631124,Vías rápidas
62.8,101.066552,Vías rápidas
62.95,101.307953,Vías rápidas
62.38,100.3906292,Vías rápidas
61.56,99.07097040000001,Vías rápidas
61.32,98.6847288,Vías rápidas
60.94,98.07317959999999,Vías rápidas
60.81,97.8639654,Vías rápidas
61.06,98.2663004,Vías rápidas
62.54,100.6481236,Vías rápidas
56.08,90.2517872,Vías rápidas
32.55,52.38401699999999,Tráfico fluido
23.66,38.0769844,Tráfico moderado
24.53,39.4771102,Tráfico moderado
22.68,36.4998312,Tráfico moderado
34.07,54.8302138,Tráfico fluido
60.13,96.7696142,Vías rápidas
59.78,96.2063452,Vías rápidas
59.06,95.0476204,Vías rápidas
60.62,97.55819079999999,Vías rápidas
59.84,96.3029056,Vías rápidas
59.68,96.0454112,Vías rápidas
57.57,92.6497038,Vías rápidas
57.01,91.7484734,Vías rápidas
58.41,94.00154939999999,Vías rápidas
56.62,91.1208308,Vías rápidas
60.3,97.043202,Vías rápidas
61.57,99.0870638,Vías rápidas
61.32,98.6847288,Vías rápidas
61.02,98.20192680000001,Vías rápidas
60.78,97.8156852,Vías rápidas
61.78,99.42502520000001,Vías rápidas
61.02,98.20192680000001,Vías rápidas
62.12,99.9722008,Vías rápidas
57.74,92.9232916,Vías rápidas
40.35,64.936869,Tráfico fluido
23.16,37.2723144,Tráfico moderado
26.58,42.776257199999996,Tráfico fluido
37.28,59.9961952,Tráfico fluido
57.71,92.8750114,Vías rápidas
61.83,99.50549219999999,Vías rápidas
63.22,101.7424748,Vías rápidas
62.95,101.307953,Vías rápidas
60.82,97.8800588,Vías rápidas
60.82,97.8800588,Vías rápidas
61.73,99.3445582,Vías rápidas
61.31,98.6686354,Vías rápidas
61.66,99.23190439999999,Vías rápidas
62.82,101.0987388,Vías rápidas
62.62,100.7768708,Vías rápidas
62.92,101.2596728,Vías rápidas
60.91,98.0248994,Vías rápidas
61.16,98.42723439999999,Vías rápidas
60.99,98.1536466,Vías rápidas
60.86,97.9444324,Vías rápidas
60.82,97.8800588,Vías rápidas
60.46,97.3006964,Vías rápidas
59.88,96.3672792,Vías rápidas
51.44,82.7844496,Vías rápidas
34.5,55.52223,Tráfico fluido
20.69,33.2972446,Tráfico moderado
21.32,34.3111288,Tráfico moderado
42.18,67.8819612,Vías rápidas
58.82,94.6613788,Vías rápidas
58.02,93.3739068,Vías rápidas
61.63,99.1836242,Vías rápidas
60.98,98.1375532,Vías rápidas
56.11,90.3000674,Vías rápidas
60.42,97.2363228,Vías rápidas
58.81,94.6452854,Vías rápidas
56.67,91.2012978,Vías rápidas
58.06,93.4382804,Vías rápidas
59.16,95.2085544,Vías rápidas
59.72,96.1097848,Vías rápidas
61.02,98.20192680000001,Vías rápidas
61.87,99.5698658,Vías rápidas
61.1,98.330674,Vías rápidas
61.32,98.6847288,Vías rápidas
60.98,98.1375532,Vías rápidas
60.92,98.0409928,Vías rápidas
61.08,98.2984872,Vías rápidas
61.39,98.7973826,Vías rápidas
62.18,100.0687612,Vías rápidas
60.69,97.6708446,Vías rápidas
62.18,100.0687612,Vías rápidas
61.39,98.7973826,Vías rápidas
58.04,93.40609359999999,Vías rápidas
18.79,30.239498599999997,Tráfico moderado
47.32,76.1539688,Vías rápidas
61.39,98.7973826,Vías rápidas
61.42,98.8456628,Vías rápidas
61.72,99.32846479999999,Vías rápidas
61.77,99.4089318,Vías rápidas
61.81,99.4733054,Vías rápidas
56.81,91.4266054,Vías rápidas
58.48,94.11420319999999,Vías rápidas
60.97,98.1214598,Vías rápidas
62.11,99.9561074,Vías rápidas
62.5,100.58375,Vías rápidas
62.51,100.5998434,Vías rápidas
62.19,100.0848546,Vías rápidas
61.5,98.97441,Vías rápidas
61.07,98.2823938,Vías rápidas
60.7,97.686938,Vías rápidas
60.42,97.2363228,Vías rápidas
60.43,97.2524162,Vías rápidas
60.11,96.7374274,Vías rápidas
58.47,94.0981098,Vías rápidas
60.41,97.2202294,Vías rápidas
62.12,99.9722008,Vías rápidas
63.36,101.9677824,Vías rápidas
64.52,103.83461679999999,Vías rápidas
64.93,104.49444620000001,Vías rápidas
62.11,99.9561074,Vías rápidas
60.15,96.801801,Vías rápidas
61.78,99.42502520000001,Vías rápidas
60.93,98.0570862,Vías rápidas
58.32,93.8567088,Vías rápidas
61.08,98.2984872,Vías rápidas
63.02,101.4206068,Vías rápidas
63.82,102.7080788,Vías rápidas
63.3,101.87122199999999,Vías rápidas
61.75,99.376745,Vías rápidas
62.67,100.8573378,Vías rápidas
63.18,101.6781012,Vías rápidas
62.18,100.0687612,Vías rápidas
60.92,98.0409928,Vías rápidas
60.78,97.8156852,Vías rápidas
61.16,98.42723439999999,Vías rápidas
61.77,99.4089318,Vías rápidas
59.09,95.09590060000001,Vías rápidas
39.75,63.971265,Tráfico fluido
21.98,35.3732932,Tráfico moderado
23.36,37.5941824,Tráfico moderado
23.71,38.1574514,Tráfico moderado
59.18,95.2407412,Vías rápidas
61.28,98.6203552,Vías rápidas
62.72,100.9378048,Vías rápidas
58.46,94.0820164,Vías rápidas
60.89,97.9927126,Vías rápidas
60.27,96.9949218,Vías rápidas
61.47,98.9261298,Vías rápidas
61.11,98.3467674,Vías rápidas
60.72,97.7191248,Vías rápidas
62.39,100.4067226,Vías rápidas
61.9,99.618146,Vías rápidas
61.88,99.5859592,Vías rápidas
61.16,98.42723439999999,Vías rápidas
61.33,98.70082219999999,Vías rápidas
61.22,98.5237948,Vías rápidas
60.97,98.1214598,Vías rápidas
61.07,98.2823938,Vías rápidas
61.1,98.330674,Vías rápidas
62.86,101.1631124,Vías rápidas
64.32,103.51274879999998,Vías rápidas
42.29,68.05898859999999,Vías rápidas
23.22,37.3688748,Tráfico moderado
24.92,40.1047528,Tráfico fluido
40.17,64.6471878,Tráfico fluido
62.22,100.1331348,Vías rápidas
63.06,101.4849804,Vías rápidas
63.01,101.4045134,Vías rápidas
63.02,101.4206068,Vías rápidas
63.02,101.4206068,Vías rápidas
62.36,100.3584424,Vías rápidas
61.66,99.23190439999999,Vías rápidas
61.53,99.0226902,Vías rápidas
59.69,96.06150459999999,Vías rápidas
62.96,101.3240464,Vías rápidas
62.7,100.905618,Vías rápidas
62.99,101.37232660000001,Vías rápidas
62.03,99.8273602,Vías rápidas
61.81,99.4733054,Vías rápidas
61.27,98.6042618,Vías rápidas
60.88,97.9766192,Vías rápidas
60.88,97.9766192,Vías rápidas
61.14,98.3950476,Vías rápidas
62.67,100.8573378,Vías rápidas
67.74,109.01669159999999,Vías rápidas
44.74,72.0018716,Vías rápidas
25.42,40.9094228,Tráfico fluido
41.47,66.7393298,Vías rápidas
45.02,72.4524868,Vías rápidas
61.18,98.4594212,Vías rápidas
63.4,102.032156,Vías rápidas
64.12,103.1908808,Vías rápidas
65.35,105.170369,Vías rápidas
62.63,100.7929642,Vías rápidas
61.51,98.9905034,Vías rápidas
62.18,100.0687612,Vías rápidas
61.86,99.5537724,Vías rápidas
61.23,98.5398882,Vías rápidas
62.65,100.82515099999999,Vías rápidas
62.77,101.01827180000001,Vías rápidas
62.25,100.181415,Vías rápidas
62.25,100.181415,Vías rápidas
61.7,99.296278,Vías rápidas
61.07,98.2823938,Vías rápidas
60.97,98.1214598,Vías rápidas
61.17,98.4433278,Vías rápidas
61.15,98.411141,Vías rápidas
63.39,102.0160626,Vías rápidas
64.66,104.0599244,Vías rápidas
43.74,70.3925316,Vías rápidas
23.9,38.463226,Tráfico moderado
24.92,40.1047528,Tráfico fluido
25.47,40.9898898,Tráfico fluido
46.55,74.914777,Vías rápidas
63.18,101.6781012,Vías rápidas
61.68,99.2640912,Vías rápidas
62.28,100.2296952,Vías rápidas
61.82,99.4893988,Vías rápidas
61.01,98.18583339999999,Vías rápidas
61.56,99.07097040000001,Vías rápidas
60.62,97.55819079999999,Vías rápidas
61.12,98.36286079999999,Vías rápidas
61.91,99.6342394,Vías rápidas
62.42,100.4550028,Vías rápidas
62.12,99.9722008,Vías rápidas
62.17,100.05266780000001,Vías rápidas
61.52,99.00659680000001,Vías rápidas
61.22,98.5237948,Vías rápidas
61.06,98.2663004,Vías rápidas
61.0,98.16974,Vías rápidas
61.14,98.3950476,Vías rápidas
62.69,100.8895246,Vías rápidas
63.53,102.2413702,Vías rápidas
53.62,86.2928108,Vías rápidas
32.32,52.0138688,Tráfico fluido
30.53,49.1331502,Tráfico fluido
38.18,61.4446012,Tráfico fluido
62.37,100.37453579999999,Vías rápidas
63.55,102.273557,Vías rápidas
63.28,101.8390352,Vías rápidas
63.42,102.0643428,Vías rápidas
63.43,102.0804362,Vías rápidas
59.55,95.836197,Vías rápidas
61.88,99.5859592,Vías rápidas
62.09,99.9239206,Vías rápidas
62.32,100.2940688,Vías rápidas
63.18,101.6781012,Vías rápidas
63.86,102.77245239999999,Vías rápidas
62.35,100.342349,Vías rápidas
62.69,100.8895246,Vías rápidas
61.91,99.6342394,Vías rápidas
61.69,99.2801846,Vías rápidas
61.21,98.5077014,Vías rápidas
60.99,98.1536466,Vías rápidas
61.02,98.20192680000001,Vías rápidas
61.68,99.2640912,Vías rápidas
62.31,100.2779754,Vías rápidas
63.05,101.468887,Vías rápidas
63.17,101.6620078,Vías rápidas
62.85,101.147019,Vías rápidas
62.85,101.147019,Vías rápidas
61.51,98.9905034,Vías rápidas
61.59,99.1192506,Vías rápidas
57.5,92.53705,Vías rápidas
60.01,96.57649339999999,Vías rápidas
60.83,97.8961522,Vías rápidas
61.38,98.7812892,Vías rápidas
60.76,97.7834984,Vías rápidas
60.1,96.721334,Vías rápidas
59.22,95.3051148,Vías rápidas
61.44,98.87784959999999,Vías rápidas
63.58,102.32183719999999,Vías rápidas
63.0,101.38842,Vías rápidas
62.7,100.905618,Vías rápidas
62.37,100.37453579999999,Vías rápidas
61.96,99.7147064,Vías rápidas
61.25,98.572075,Vías rápidas
61.2,98.491608,Vías rápidas
60.99,98.1536466,Vías rápidas
61.35,98.733009,Vías rápidas
61.57,99.0870638,Vías rápidas
62.08,99.9078272,Vías rápidas
62.53,100.6320302,Vías rápidas
63.1,101.54935400000001,Vías rápidas
63.65,102.434491,Vías rápidas
64.37,103.59321580000001,Vías rápidas
64.42,103.67368280000001,Vías rápidas
62.62,100.7768708,Vías rápidas
63.24,101.7746616,Vías rápidas
63.33,101.9195022,Vías rápidas
62.91,101.24357939999999,Vías rápidas
62.98,101.35623319999999,Vías rápidas
63.78,102.6437052,Vías rápidas
61.34,98.71691560000001,Vías rápidas
63.03,101.4367002,Vías rápidas
63.8,102.67589199999999,Vías rápidas
63.13,101.5976342,Vías rápidas
62.1,99.940014,Vías rápidas
61.68,99.2640912,Vías rápidas
61.23,98.5398882,Vías rápidas
60.97,98.1214598,Vías rápidas
60.92,98.0409928,Vías rápidas
61.27,98.6042618,Vías rápidas
62.23,100.1492282,Vías rápidas
61.24,98.55598160000001,Vías rápidas
41.18,66.2726212,Vías rápidas
22.05,35.485947,Tráfico moderado
24.08,38.752907199999996,Tráfico moderado
23.35,37.578089000000006,Tráfico moderado
55.18,88.8033812,Vías rápidas
62.02,99.8112668,Vías rápidas
61.43,98.8617562,Vías rápidas
62.52,100.6159368,Vías rápidas
62.25,100.181415,Vías rápidas
61.85,99.537679,Vías rápidas
61.24,98.55598160000001,Vías rápidas
61.91,99.6342394,Vías rápidas
61.14,98.3950476,Vías rápidas
63.15,101.62982099999999,Vías rápidas
62.92,101.2596728,Vías rápidas
62.24,100.1653216,Vías rápidas
62.08,99.9078272,Vías rápidas
61.39,98.7973826,Vías rápidas
61.16,98.42723439999999,Vías rápidas
60.95,98.089273,Vías rápidas
60.94,98.07317959999999,Vías rápidas
61.12,98.36286079999999,Vías rápidas
62.79,101.0504586,Vías rápidas
63.18,101.6781012,Vías rápidas
41.27,66.4174618,Vías rápidas
22.79,36.676858599999996,Tráfico moderado
25.86,41.6175324,Tráfico fluido
26.64,42.8728176,Tráfico fluido
54.15,87.145761,Vías rápidas
63.45,102.112623,Vías rápidas
63.14,101.6137276,Vías rápidas
63.76,102.6115184,Vías rápidas
63.61,102.3701174,Vías rápidas
61.35,98.733009,Vías rápidas
62.1,99.940014,Vías rápidas
62.09,99.9239206,Vías rápidas
61.68,99.2640912,Vías rápidas
63.28,101.8390352,Vías rápidas
63.23,101.7585682,Vías rápidas
62.1,99.940014,Vías rápidas
62.14,100.0043876,Vías rápidas
61.56,99.07097040000001,Vías rápidas
61.28,98.6203552,Vías rápidas
60.94,98.07317959999999,Vías rápidas
61.01,98.18583339999999,Vías rápidas
61.04,98.2341136,Vías rápidas
62.38,100.3906292,Vías rápidas
61.93,99.6664262,Vías rápidas
43.82,70.5212788,Vías rápidas
25.29,40.700208599999996,Tráfico fluido
24.72,39.7828848,Tráfico moderado
31.37,50.4849958,Tráfico fluido
62.22,100.1331348,Vías rápidas
63.49,102.17699660000001,Vías rápidas
63.18,101.6781012,Vías rápidas
63.52,102.2252768,Vías rápidas
63.01,101.4045134,Vías rápidas
61.93,99.6664262,Vías rápidas
62.09,99.9239206,Vías rápidas
61.74,99.3606516,Vías rápidas
62.02,99.8112668,Vías rápidas
63.22,101.7424748,Vías rápidas
63.14,101.6137276,Vías rápidas
62.98,101.35623319999999,Vías rápidas
62.31,100.2779754,Vías rápidas
61.25,98.572075,Vías rápidas
61.17,98.4433278,Vías rápidas
60.94,98.07317959999999,Vías rápidas
60.87,97.9605258,Vías rápidas
61.03,98.2180202,Vías rápidas
62.58,100.7124972,Vías rápidas
65.07,104.71975379999999,Vías rápidas
46.15,74.271041,Vías rápidas
22.92,36.8860728,Tráfico moderado
22.92,36.8860728,Tráfico moderado
24.3,39.106962,Tráfico moderado
59.18,95.2407412,Vías rápidas
62.24,100.1653216,Vías rápidas
62.38,100.3906292,Vías rápidas
63.55,102.273557,Vías rápidas
62.86,101.1631124,Vías rápidas
62.77,101.01827180000001,Vías rápidas
60.45,97.284603,Vías rápidas
58.88,94.75793920000001,Vías rápidas
57.01,91.7484734,Vías rápidas
59.53,95.80401020000001,Vías rápidas
60.83,97.8961522,Vías rápidas
62.32,100.2940688,Vías rápidas
61.85,99.537679,Vías rápidas
61.91,99.6342394,Vías rápidas
61.09,98.3145806,Vías rápidas
60.95,98.089273,Vías rápidas
60.84,97.9122456,Vías rápidas
60.69,97.6708446,Vías rápidas
62.02,99.8112668,Vías rápidas
59.41,95.61088939999999,Vías rápidas
36.39,58.5638826,Tráfico fluido
22.03,35.453760200000005,Tráfico moderado
29.66,47.7330244,Tráfico fluido
53.65,86.34109099999999,Vías rápidas
63.15,101.62982099999999,Vías rápidas
64.37,103.59321580000001,Vías rápidas
64.03,103.04604020000001,Vías rápidas
64.16,103.2552544,Vías rápidas
63.67,102.4666778,Vías rápidas
63.02,101.4206068,Vías rápidas
63.35,101.951689,Vías rápidas
61.06,98.2663004,Vías rápidas
60.89,97.9927126,Vías rápidas
62.13,99.9882942,Vías rápidas
63.02,101.4206068,Vías rápidas
62.55,100.664217,Vías rápidas
61.83,99.50549219999999,Vías rápidas
62.02,99.8112668,Vías rápidas
61.75,99.376745,Vías rápidas
61.05,98.25020699999999,Vías rápidas
60.98,98.1375532,Vías rápidas
61.02,98.20192680000001,Vías rápidas
61.46,98.9100364,Vías rápidas
62.46,100.5193764,Vías rápidas
62.03,99.8273602,Vías rápidas
63.12,101.5815408,Vías rápidas
62.37,100.37453579999999,Vías rápidas
61.97,99.7307998,Vías rápidas
61.58,99.1031572,Vías rápidas
61.81,99.4733054,Vías rápidas
61.32,98.6847288,Vías rápidas
61.67,99.24799780000001,Vías rápidas
61.61,99.15143739999999,Vías rápidas
61.37,98.7651958,Vías rápidas
61.84,99.52158560000001,Vías rápidas
60.75,97.767405,Vías rápidas
58.78,94.5970052,Vías rápidas
61.99,99.7629866,Vías rápidas
62.98,101.35623319999999,Vías rápidas
63.09,101.5332606,Vías rápidas
62.76,101.00217839999999,Vías rápidas
62.01,99.7951734,Vías rápidas
61.92,99.6503328,Vías rápidas
61.3,98.652542,Vías rápidas
61.08,98.2984872,Vías rápidas
60.98,98.1375532,Vías rápidas
61.28,98.6203552,Vías rápidas
61.63,99.1836242,Vías rápidas
61.97,99.7307998,Vías rápidas
62.69,100.8895246,Vías rápidas
63.47,102.1448098,Vías rápidas
63.12,101.5815408,Vías rápidas
64.48,103.77024320000001,Vías rápidas
63.02,101.4206068,Vías rápidas
61.53,99.0226902,Vías rápidas
61.81,99.4733054,Vías rápidas
63.35,101.951689,Vías rápidas
63.8,102.67589199999999,Vías rápidas
63.68,102.4827712,Vías rápidas
61.38,98.7812892,Vías rápidas
58.59,94.2912306,Vías rápidas
58.42,94.0176428,Vías rápidas
53.55,86.180157,Vías rápidas
60.36,97.1397624,Vías rápidas
61.14,98.3950476,Vías rápidas
60.5,97.36507,Vías rápidas
60.71,97.7030314,Vías rápidas
60.71,97.7030314,Vías rápidas
60.81,97.8639654,Vías rápidas
62.78,101.0343652,Vías rápidas
61.73,99.3445582,Vías rápidas
59.82,96.2707188,Vías rápidas
42.61,68.5739774,Vías rápidas
25.48,41.0059832,Tráfico fluido
28.94,46.5742996,Tráfico fluido
42.18,67.8819612,Vías rápidas
61.63,99.1836242,Vías rápidas
63.12,101.5815408,Vías rápidas
62.14,100.0043876,Vías rápidas
63.54,102.2574636,Vías rápidas
62.41,100.4389094,Vías rápidas
62.32,100.2940688,Vías rápidas
61.72,99.32846479999999,Vías rápidas
61.64,99.1997176,Vías rápidas
61.03,98.2180202,Vías rápidas
62.6,100.744684,Vías rápidas
62.17,100.05266780000001,Vías rápidas
61.46,98.9100364,Vías rápidas
61.28,98.6203552,Vías rápidas
61.15,98.411141,Vías rápidas
61.02,98.20192680000001,Vías rápidas
60.61,97.5420974,Vías rápidas
60.68,97.65475119999999,Vías rápidas
60.64,97.5903776,Vías rápidas
61.82,99.4893988,Vías rápidas
55.69,89.6241446,Vías rápidas
29.7,47.797398,Tráfico fluido
25.12,40.4266208,Tráfico fluido
21.48,34.5686232,Tráfico moderado
20.82,33.5064588,Tráfico moderado
43.05,69.28208699999999,Vías rápidas
62.35,100.342349,Vías rápidas
62.41,100.4389094,Vías rápidas
63.52,102.2252768,Vías rápidas
63.62,102.3862108,Vías rápidas
62.12,99.9722008,Vías rápidas
61.45,98.89394300000001,Vías rápidas
61.96,99.7147064,Vías rápidas
61.78,99.42502520000001,Vías rápidas
63.58,102.32183719999999,Vías rápidas
62.81,101.0826454,Vías rápidas
62.55,100.664217,Vías rápidas
62.23,100.1492282,Vías rápidas
61.58,99.1031572,Vías rápidas
61.21,98.5077014,Vías rápidas
60.67,97.6386578,Vías rápidas
60.77,97.7995918,Vías rápidas
61.0,98.16974,Vías rápidas
62.12,99.9722008,Vías rápidas
57.42,92.4083028,Vías rápidas
33.38,53.7197692,Tráfico fluido
22.94,36.9182596,Tráfico moderado
24.77,39.8633518,Tráfico moderado
24.05,38.704627,Tráfico moderado
58.78,94.5970052,Vías rápidas
63.92,102.86901280000001,Vías rápidas
62.53,100.6320302,Vías rápidas
63.64,102.4183976,Vías rápidas
63.17,101.6620078,Vías rápidas
61.98,99.74689319999999,Vías rápidas
62.82,101.0987388,Vías rápidas
62.35,100.342349,Vías rápidas
62.04,99.8434536,Vías rápidas
63.52,102.2252768,Vías rápidas
63.68,102.4827712,Vías rápidas
62.84,101.13092560000001,Vías rápidas
62.48,100.55156319999999,Vías rápidas
61.77,99.4089318,Vías rápidas
61.17,98.4433278,Vías rápidas
60.98,98.1375532,Vías rápidas
61.0,98.16974,Vías rápidas
61.2,98.491608,Vías rápidas
62.89,101.2113926,Vías rápidas
63.08,101.5171672,Vías rápidas
42.88,69.0084992,Vías rápidas
20.87,33.5869258,Tráfico moderado
29.55,47.555997,Tráfico fluido
59.28,95.4016752,Vías rápidas
62.09,99.9239206,Vías rápidas
60.73,97.73521819999999,Vías rápidas
59.28,95.4016752,Vías rápidas
56.6,91.088644,Vías rápidas
56.91,91.5875394,Vías rápidas
56.61,91.1047374,Vías rápidas
55.22,88.8677548,Vías rápidas
55.65,89.559771,Vías rápidas
52.3,84.168482,Vías rápidas
57.25,92.134715,Vías rápidas
61.07,98.2823938,Vías rápidas
60.32,97.0753888,Vías rápidas
60.58,97.4938172,Vías rápidas
61.18,98.4594212,Vías rápidas
61.19,98.4755146,Vías rápidas
61.08,98.2984872,Vías rápidas
60.61,97.5420974,Vías rápidas
60.81,97.8639654,Vías rápidas
60.8,97.847872,Vías rápidas
57.78,92.9876652,Vías rápidas
36.22,58.2902948,Tráfico fluido
22.85,36.773419000000004,Tráfico moderado
26.92,43.3234328,Tráfico fluido
55.88,89.9299192,Vías rápidas
61.37,98.7651958,Vías rápidas
62.58,100.7124972,Vías rápidas
62.16,100.03657439999999,Vías rápidas
61.86,99.5537724,Vías rápidas
62.14,100.0043876,Vías rápidas
60.8,97.847872,Vías rápidas
61.73,99.3445582,Vías rápidas
61.52,99.00659680000001,Vías rápidas
60.15,96.801801,Vías rápidas
61.46,98.9100364,Vías rápidas
62.42,100.4550028,Vías rápidas
62.32,100.2940688,Vías rápidas
62.18,100.0687612,Vías rápidas
61.82,99.4893988,Vías rápidas
61.51,98.9905034,Vías rápidas
61.13,98.37895420000001,Vías rápidas
61.08,98.2984872,Vías rápidas
61.15,98.411141,Vías rápidas
61.28,98.6203552,Vías rápidas
62.54,100.6481236,Vías rápidas
62.18,100.0687612,Vías rápidas
63.34,101.9355956,Vías rápidas
62.52,100.6159368,Vías rápidas
61.35,98.733009,Vías rápidas
60.24,96.9466416,Vías rápidas
60.36,97.1397624,Vías rápidas
59.52,95.7879168,Vías rápidas
59.64,95.9810376,Vías rápidas
58.46,94.0820164,Vías rápidas
55.39,89.1413426,Vías rápidas
59.98,96.5282132,Vías rápidas
59.19,95.25683459999999,Vías rápidas
58.25,93.744055,Vías rápidas
60.9,98.00880599999999,Vías rápidas
62.32,100.2940688,Vías rápidas
61.78,99.42502520000001,Vías rápidas
61.04,98.2341136,Vías rápidas
61.81,99.4733054,Vías rápidas
61.56,99.07097040000001,Vías rápidas
61.24,98.55598160000001,Vías rápidas
61.01,98.18583339999999,Vías rápidas
60.9,98.00880599999999,Vías rápidas
61.18,98.4594212,Vías rápidas
61.5,98.97441,Vías rápidas
61.78,99.42502520000001,Vías rápidas
61.98,99.74689319999999,Vías rápidas
62.36,100.3584424,Vías rápidas
62.08,99.9078272,Vías rápidas
62.28,100.2296952,Vías rápidas
61.35,98.733009,Vías rápidas
59.42,95.62698280000001,Vías rápidas
59.98,96.5282132,Vías rápidas
60.69,97.6708446,Vías rápidas
60.12,96.75352079999999,Vías rápidas
59.81,96.25462540000001,Vías rápidas
61.85,99.537679,Vías rápidas
61.51,98.9905034,Vías rápidas
61.86,99.5537724,Vías rápidas
61.5,98.97441,Vías rápidas
61.79,99.4411186,Vías rápidas
61.97,99.7307998,Vías rápidas
61.62,99.1675308,Vías rápidas
59.96,96.4960264,Vías rápidas
59.2,95.27292800000001,Vías rápidas
59.2,95.27292800000001,Vías rápidas
57.47,92.4887698,Vías rápidas
62.12,99.9722008,Vías rápidas
60.14,96.7857076,Vías rápidas
41.98,67.5600932,Vías rápidas
21.01,33.812233400000004,Tráfico moderado
20.62,33.1845908,Tráfico moderado
24.07,38.7368138,Tráfico moderado
57.14,91.9576876,Vías rápidas
61.91,99.6342394,Vías rápidas
61.18,98.4594212,Vías rápidas
62.09,99.9239206,Vías rápidas
61.66,99.23190439999999,Vías rápidas
60.52,97.39725680000001,Vías rápidas
61.12,98.36286079999999,Vías rápidas
60.9,98.00880599999999,Vías rápidas
59.45,95.675263,Vías rápidas
61.75,99.376745,Vías rápidas
61.63,99.1836242,Vías rápidas
61.25,98.572075,Vías rápidas
61.8,99.457212,Vías rápidas
61.45,98.89394300000001,Vías rápidas
60.64,97.5903776,Vías rápidas
60.88,97.9766192,Vías rápidas
60.78,97.8156852,Vías rápidas
61.08,98.2984872,Vías rápidas
62.55,100.664217,Vías rápidas
64.22,103.3518148,Vías rápidas
42.28,68.0428952,Vías rápidas
25.71,41.3761314,Tráfico fluido
23.1,37.175754000000005,Tráfico moderado
24.07,38.7368138,Tráfico moderado
45.88,73.8365192,Vías rápidas
62.39,100.4067226,Vías rápidas
61.57,99.0870638,Vías rápidas
61.97,99.7307998,Vías rápidas
62.02,99.8112668,Vías rápidas
60.37,97.1558558,Vías rápidas
61.01,98.18583339999999,Vías rápidas
60.92,98.0409928,Vías rápidas
59.96,96.4960264,Vías rápidas
62.06,99.87564040000001,Vías rápidas
61.79,99.4411186,Vías rápidas
61.72,99.32846479999999,Vías rápidas
61.77,99.4089318,Vías rápidas
61.39,98.7973826,Vías rápidas
61.22,98.5237948,Vías rápidas
61.13,98.37895420000001,Vías rápidas
60.81,97.8639654,Vías rápidas
61.18,98.4594212,Vías rápidas
62.31,100.2779754,Vías rápidas
60.51,97.38116339999999,Vías rápidas
39.29,63.2309686,Tráfico fluido
23.05,37.095287,Tráfico moderado
25.96,41.7784664,Tráfico fluido
36.41,58.5960694,Tráfico fluido
59.38,95.5626092,Vías rápidas
62.28,100.2296952,Vías rápidas
65.29,105.0738086,Vías rápidas
63.0,101.38842,Vías rápidas
62.27,100.2136018,Vías rápidas
61.65,99.215811,Vías rápidas
61.31,98.6686354,Vías rápidas
60.86,97.9444324,Vías rápidas
60.27,96.9949218,Vías rápidas
62.55,100.664217,Vías rápidas
62.57,100.6964038,Vías rápidas
61.87,99.5698658,Vías rápidas
61.43,98.8617562,Vías rápidas
61.32,98.6847288,Vías rápidas
61.12,98.36286079999999,Vías rápidas
60.84,97.9122456,Vías rápidas
60.78,97.8156852,Vías rápidas
60.97,98.1214598,Vías rápidas
61.11,98.3467674,Vías rápidas
50.38,81.0785492,Vías rápidas
32.05,51.579347,Tráfico fluido
27.62,44.4499708,Tráfico fluido
23.18,37.3045012,Tráfico moderado
28.99,46.654766599999995,Tráfico fluido
52.12,83.8788008,Vías rápidas
62.43,100.4710962,Vías rápidas
59.39,95.5787026,Vías rápidas
60.85,97.92833900000001,Vías rápidas
63.0,101.38842,Vías rápidas
62.18,100.0687612,Vías rápidas
62.09,99.9239206,Vías rápidas
63.36,101.9677824,Vías rápidas
60.68,97.65475119999999,Vías rápidas
62.92,101.2596728,Vías rápidas
63.53,102.2413702,Vías rápidas
62.93,101.27576619999999,Vías rápidas
62.59,100.7285906,Vías rápidas
61.62,99.1675308,Vías rápidas
61.12,98.36286079999999,Vías rápidas
61.03,98.2180202,Vías rápidas
60.79,97.83177859999999,Vías rápidas
61.02,98.20192680000001,Vías rápidas
61.89,99.60205260000001,Vías rápidas
61.19,98.4755146,Vías rápidas
47.62,76.6367708,Vías rápidas
26.31,42.3417354,Tráfico fluido
28.57,45.9788438,Tráfico fluido
27.58,44.3855972,Tráfico fluido
39.96,64.3092264,Tráfico fluido
57.13,91.9415942,Vías rápidas
57.05,91.81284699999999,Vías rápidas
60.09,96.70524060000001,Vías rápidas
59.95,96.479933,Vías rápidas
55.31,89.01259540000001,Vías rápidas
54.78,88.1596452,Vías rápidas
57.62,92.7301708,Vías rápidas
56.18,90.4127212,Vías rápidas
56.27,90.5575618,Vías rápidas
56.72,91.2817648,Vías rápidas
58.72,94.5004448,Vías rápidas
59.93,96.4477462,Vías rápidas
61.09,98.3145806,Vías rápidas
61.93,99.6664262,Vías rápidas
60.92,98.0409928,Vías rápidas
60.91,98.0248994,Vías rápidas
60.93,98.0570862,Vías rápidas
60.38,97.1719492,Vías rápidas
57.73,92.9071982,Vías rápidas
60.07,96.6730538,Vías rápidas
62.64,100.8090576,Vías rápidas
61.27,98.6042618,Vías rápidas
57.58,92.6657972,Vías rápidas
60.18,96.8500812,Vías rápidas
60.13,96.7696142,Vías rápidas
59.79,96.2224386,Vías rápidas
60.12,96.75352079999999,Vías rápidas
61.49,98.9583166,Vías rápidas
60.76,97.7834984,Vías rápidas
60.04,96.6247736,Vías rápidas
60.19,96.8661746,Vías rápidas
58.97,94.9027798,Vías rápidas
62.04,99.8434536,Vías rápidas
63.1,101.54935400000001,Vías rápidas
62.51,100.5998434,Vías rápidas
62.92,101.2596728,Vías rápidas
62.24,100.1653216,Vías rápidas
61.66,99.23190439999999,Vías rápidas
61.31,98.6686354,Vías rápidas
61.07,98.2823938,Vías rápidas
61.05,98.25020699999999,Vías rápidas
61.24,98.55598160000001,Vías rápidas
61.61,99.15143739999999,Vías rápidas
61.94,99.68251959999999,Vías rápidas
62.23,100.1492282,Vías rápidas
62.47,100.5354698,Vías rápidas
62.75,100.986085,Vías rápidas
64.75,104.204765,Vías rápidas
61.25,98.572075,Vías rápidas
59.12,95.1441808,Vías rápidas
61.41,98.8295694,Vías rápidas
61.52,99.00659680000001,Vías rápidas
60.92,98.0409928,Vías rápidas
60.46,97.3006964,Vías rápidas
63.72,102.5471448,Vías rápidas
63.48,102.16090319999999,Vías rápidas
63.09,101.5332606,Vías rápidas
62.7,100.905618,Vías rápidas
62.83,101.1148322,Vías rápidas
62.42,100.4550028,Vías rápidas
62.62,100.7768708,Vías rápidas
62.05,99.85954699999999,Vías rápidas
61.83,99.50549219999999,Vías rápidas
61.92,99.6503328,Vías rápidas
61.7,99.296278,Vías rápidas
61.47,98.9261298,Vías rápidas
60.36,97.1397624,Vías rápidas
56.95,91.65191300000001,Vías rápidas
58.7,94.468258,Vías rápidas
58.25,93.744055,Vías rápidas
57.72,92.8911048,Vías rápidas
57.12,91.9255008,Vías rápidas
57.01,91.7484734,Vías rápidas
57.58,92.6657972,Vías rápidas
55.82,89.8333588,Vías rápidas
54.91,88.36885939999999,Vías rápidas
54.12,87.0974808,Vías rápidas
58.65,94.38779099999999,Vías rápidas
57.58,92.6657972,Vías rápidas
56.33,90.6541222,Vías rápidas
57.63,92.7462642,Vías rápidas
58.19,93.6474946,Vías rápidas
60.74,97.75131160000001,Vías rápidas
62.07,99.8917338,Vías rápidas
62.02,99.8112668,Vías rápidas
62.0,99.77908,Vías rápidas
61.8,99.457212,Vías rápidas
61.72,99.32846479999999,Vías rápidas
61.93,99.6664262,Vías rápidas
62.07,99.8917338,Vías rápidas
62.52,100.6159368,Vías rápidas
43.02,69.23380680000001,Vías rápidas
24.12,38.8172808,Tráfico moderado
24.79,39.8955386,Tráfico moderado
37.67,60.623837800000004,Tráfico fluido
52.81,84.9892454,Vías rápidas
60.59,97.50991060000001,Vías rápidas
61.61,99.15143739999999,Vías rápidas
61.78,99.42502520000001,Vías rápidas
61.74,99.3606516,Vías rápidas
61.81,99.4733054,Vías rápidas
62.57,100.6964038,Vías rápidas
62.41,100.4389094,Vías rápidas
60.92,98.0409928,Vías rápidas
60.22,96.9144548,Vías rápidas
60.02,96.5925868,Vías rápidas
60.35,97.123669,Vías rápidas
61.81,99.4733054,Vías rápidas
61.76,99.3928384,Vías rápidas
61.02,98.20192680000001,Vías rápidas
60.72,97.7191248,Vías rápidas
60.75,97.767405,Vías rápidas
61.02,98.20192680000001,Vías rápidas
62.43,100.4710962,Vías rápidas
53.6,86.260624,Vías rápidas
30.98,49.8573532,Tráfico fluido
28.77,46.3007118,Tráfico fluido
26.85,43.210779,Tráfico fluido
22.91,36.8699794,Tráfico moderado
41.94,67.4957196,Vías rápidas
62.47,100.5354698,Vías rápidas
63.11,101.5654474,Vías rápidas
62.76,101.00217839999999,Vías rápidas
62.86,101.1631124,Vías rápidas
61.91,99.6342394,Vías rápidas
62.67,100.8573378,Vías rápidas
62.23,100.1492282,Vías rápidas
62.95,101.307953,Vías rápidas
63.65,102.434491,Vías rápidas
62.99,101.37232660000001,Vías rápidas
62.93,101.27576619999999,Vías rápidas
62.27,100.2136018,Vías rápidas
61.36,98.7491024,Vías rápidas
66.46,106.95673639999998,Vías rápidas
66.13,106.4256542,Vías rápidas
66.32,106.73142879999999,Vías rápidas
66.32,106.73142879999999,Vías rápidas
68.31,109.9340154,Vías rápidas
67.23,108.19592820000001,Vías rápidas
62.45,100.50328300000001,Vías rápidas
52.6,84.651284,Vías rápidas
57.85,93.100319,Vías rápidas
63.05,101.468887,Vías rápidas
65.22,104.9611548,Vías rápidas
65.92,106.0876928,Vías rápidas
66.33,106.74752219999999,Vías rápidas
65.83,105.94285219999999,Vías rápidas
65.89,106.0394126,Vías rápidas
65.23,104.9772482,Vías rápidas
65.53,105.4600502,Vías rápidas
58.34,93.88889560000001,Vías rápidas
65.78,105.8623852,Vías rápidas
67.31,108.3246754,Vías rápidas
67.58,108.7591972,Vías rápidas
67.6,108.791384,Vías rápidas
67.38,108.4373292,Vías rápidas
66.96,107.76140639999998,Vías rápidas
66.72,107.3751648,Vías rápidas
66.62,107.21423080000001,Vías rápidas
66.17,106.49002780000001,Vías rápidas
66.82,107.53609879999999,Vías rápidas
68.36,110.0144824,Vías rápidas
69.28,111.4950752,Vías rápidas
66.03,106.2647202,Vías rápidas
63.38,101.99996920000001,Vías rápidas
46.7,75.15617800000001,Vías rápidas
46.62,75.02743079999999,Vías rápidas
59.0,94.95106,Vías rápidas
66.25,106.618775,Vías rápidas
66.41,106.8762694,Vías rápidas
66.22,106.57049479999999,Vías rápidas
66.42,106.8923628,Vías rápidas
65.34,105.1542756,Vías rápidas
65.68,105.70145120000001,Vías rápidas
65.54,105.47614360000001,Vías rápidas
65.38,105.21864919999999,Vías rápidas
67.51,108.64654340000001,Vías rápidas
67.82,109.1454388,Vías rápidas
68.08,109.56386719999999,Vías rápidas
68.15,109.67652100000001,Vías rápidas
67.67,108.9040378,Vías rápidas
67.15,108.067181,Vías rápidas
66.82,107.53609879999999,Vías rápidas
66.54,107.0854836,Vías rápidas
66.47,106.9728298,Vías rápidas
67.62,108.82357080000001,Vías rápidas
68.29,109.90182860000002,Vías rápidas
68.46,110.17541639999999,Vías rápidas
68.56,110.3363504,Vías rápidas
68.41,110.09494939999999,Vías rápidas
67.42,108.5017028,Vías rápidas
66.44,106.92454959999999,Vías rápidas
65.61,105.5887974,Vías rápidas
66.27,106.65096179999999,Vías rápidas
66.48,106.9889232,Vías rápidas
58.19,93.6474946,Vías rápidas
65.27,105.04162179999999,Vías rápidas
65.62,105.6048908,Vías rápidas
65.11,104.7841274,Vías rápidas
65.52,105.4439568,Vías rápidas
67.96,109.37074639999999,Vías rápidas
67.74,109.01669159999999,Vías rápidas
67.75,109.032785,Vías rápidas
68.18,109.72480120000002,Vías rápidas
67.48,108.5982632,Vías rápidas
61.61,99.15143739999999,Vías rápidas
61.31,98.6686354,Vías rápidas
62.53,100.6320302,Vías rápidas
61.12,98.36286079999999,Vías rápidas
61.07,98.2823938,Vías rápidas
61.52,99.00659680000001,Vías rápidas
62.3,100.261882,Vías rápidas
62.73,100.9538982,Vías rápidas
63.18,101.6781012,Vías rápidas
63.97,102.94947979999999,Vías rápidas
63.91,102.85291939999999,Vías rápidas
63.25,101.790755,Vías rápidas
61.07,98.2823938,Vías rápidas
61.74,99.3606516,Vías rápidas
60.36,97.1397624,Vías rápidas
61.84,99.52158560000001,Vías rápidas
62.65,100.82515099999999,Vías rápidas
63.65,102.434491,Vías rápidas
63.05,101.468887,Vías rápidas
63.33,101.9195022,Vías rápidas
62.52,100.6159368,Vías rápidas
62.99,101.37232660000001,Vías rápidas
62.18,100.0687612,Vías rápidas
61.73,99.3445582,Vías rápidas
66.88,107.63265919999999,Vías rápidas
66.48,106.9889232,Vías rápidas
66.39,106.84408260000001,Vías rápidas
67.03,107.8740602,Vías rápidas
68.48,110.20760320000001,Vías rápidas
68.17,109.7087078,Vías rápidas
59.59,95.90057060000001,Vías rápidas
44.2,71.132828,Vías rápidas
42.82,68.9119388,Vías rápidas
39.24,63.150501600000005,Tráfico fluido
65.09,104.75194060000001,Vías rápidas
67.68,108.92013120000001,Vías rápidas
67.48,108.5982632,Vías rápidas
67.5,108.63045,Vías rápidas
66.73,107.39125820000001,Vías rápidas
66.39,106.84408260000001,Vías rápidas
66.26,106.6348684,Vías rápidas
65.5,105.41177,Vías rápidas
66.15,106.457841,Vías rápidas
67.54,108.6948236,Vías rápidas
68.28,109.8857352,Vías rápidas
68.24,109.82136159999999,Vías rápidas
68.27,109.8696418,Vías rápidas
67.63,108.83966419999999,Vías rápidas
61.23,98.5398882,Vías rápidas
61.0,98.16974,Vías rápidas
60.9,98.00880599999999,Vías rápidas
61.36,98.7491024,Vías rápidas
62.67,100.8573378,Vías rápidas
62.12,99.9722008,Vías rápidas
41.56,66.8841704,Vías rápidas
22.94,36.9182596,Tráfico moderado
25.16,40.4909944,Tráfico fluido
22.97,36.9665398,Tráfico moderado
48.95,78.77719300000001,Vías rápidas
63.08,101.5171672,Vías rápidas
62.08,99.9078272,Vías rápidas
62.69,100.8895246,Vías rápidas
62.28,100.2296952,Vías rápidas
59.95,96.479933,Vías rápidas
60.45,97.284603,Vías rápidas
61.12,98.36286079999999,Vías rápidas
60.72,97.7191248,Vías rápidas
61.45,98.89394300000001,Vías rápidas
62.48,100.55156319999999,Vías rápidas
61.98,99.74689319999999,Vías rápidas
62.33,100.3101622,Vías rápidas
61.61,99.15143739999999,Vías rápidas
65.23,104.9772482,Vías rápidas
68.56,110.3363504,Vías rápidas
68.07,109.54777379999999,Vías rápidas
67.79,109.09715860000001,Vías rápidas
68.8,110.72259199999999,Vías rápidas
60.58,97.4938172,Vías rápidas
40.91,65.83809939999999,Vías rápidas
21.32,34.3111288,Tráfico moderado
21.62,34.7939308,Tráfico moderado
21.98,35.3732932,Tráfico moderado
45.45,73.144503,Vías rápidas
64.76,104.22085840000001,Vías rápidas
66.13,106.4256542,Vías rápidas
64.87,104.39788580000001,Vías rápidas
64.2,103.31962800000001,Vías rápidas
63.57,102.3057438,Vías rápidas
63.46,102.1287164,Vías rápidas
62.71,100.9217114,Vías rápidas
62.51,100.5998434,Vías rápidas
64.48,103.77024320000001,Vías rápidas
65.81,105.9106654,Vías rápidas
67.18,108.11546120000001,Vías rápidas
68.05,109.515587,Vías rápidas
68.67,110.5133778,Vías rápidas
64.95,104.526633,Vías rápidas
67.09,107.9706206,Vías rápidas
67.31,108.3246754,Vías rápidas
67.48,108.5982632,Vías rápidas
68.31,109.9340154,Vías rápidas
64.38,103.6093092,Vías rápidas
44.41,71.4707894,Vías rápidas
23.38,37.6263692,Tráfico moderado
21.98,35.3732932,Tráfico moderado
22.59,36.3549906,Tráfico moderado
41.08,66.11168719999999,Vías rápidas
63.35,101.951689,Vías rápidas
63.33,101.9195022,Vías rápidas
63.74,102.5793316,Vías rápidas
63.76,102.6115184,Vías rápidas
63.08,101.5171672,Vías rápidas
64.33,103.5288422,Vías rápidas
64.38,103.6093092,Vías rápidas
62.16,100.03657439999999,Vías rápidas
64.54,103.86680360000001,Vías rápidas
66.62,107.21423080000001,Vías rápidas
67.03,107.8740602,Vías rápidas
68.35,109.99838899999999,Vías rápidas
68.53,110.2880702,Vías rápidas
61.44,98.87784959999999,Vías rápidas
61.03,98.2180202,Vías rápidas
60.98,98.1375532,Vías rápidas
61.27,98.6042618,Vías rápidas
63.23,101.7585682,Vías rápidas
66.45,106.94064300000001,Vías rápidas
45.38,73.03184920000001,Vías rápidas
25.88,41.6497192,Tráfico fluido
26.43,42.5348562,Tráfico fluido
22.88,36.8216992,Tráfico moderado
57.21,92.0703414,Vías rápidas
59.36,95.53042239999999,Vías rápidas
63.0,101.38842,Vías rápidas
63.89,102.8207326,Vías rápidas
63.58,102.32183719999999,Vías rápidas
61.87,99.5698658,Vías rápidas
62.89,101.2113926,Vías rápidas
63.61,102.3701174,Vías rápidas
61.87,99.5698658,Vías rápidas
62.33,100.3101622,Vías rápidas
62.36,100.3584424,Vías rápidas
62.27,100.2136018,Vías rápidas
62.79,101.0504586,Vías rápidas
61.88,99.5859592,Vías rápidas
61.73,99.3445582,Vías rápidas
61.43,98.8617562,Vías rápidas
61.1,98.330674,Vías rápidas
61.08,98.2984872,Vías rápidas
61.38,98.7812892,Vías rápidas
62.18,100.0687612,Vías rápidas
62.42,100.4550028,Vías rápidas
63.47,102.1448098,Vías rápidas
63.2,101.710288,Vías rápidas
63.23,101.7585682,Vías rápidas
62.22,100.1331348,Vías rápidas
61.82,99.4893988,Vías rápidas
62.08,99.9078272,Vías rápidas
62.49,100.5676566,Vías rápidas
60.08,96.6891472,Vías rápidas
56.49,90.9116166,Vías rápidas
63.49,102.17699660000001,Vías rápidas
63.3,101.87122199999999,Vías rápidas
61.03,98.2180202,Vías rápidas
61.88,99.5859592,Vías rápidas
63.19,101.69419459999999,Vías rápidas
61.97,99.7307998,Vías rápidas
58.67,94.4199778,Vías rápidas
56.97,91.6840998,Vías rápidas
60.78,97.8156852,Vías rápidas
61.02,98.20192680000001,Vías rápidas
61.71,99.3123714,Vías rápidas
60.81,97.8639654,Vías rápidas
60.96,98.1053664,Vías rápidas
61.2,98.491608,Vías rápidas
61.41,98.8295694,Vías rápidas
61.87,99.5698658,Vías rápidas
61.24,98.55598160000001,Vías rápidas
61.94,99.68251959999999,Vías rápidas
62.12,99.9722008,Vías rápidas
62.64,100.8090576,Vías rápidas
59.18,95.2407412,Vías rápidas
62.26,100.19750839999999,Vías rápidas
61.96,99.7147064,Vías rápidas
62.98,101.35623319999999,Vías rápidas
63.4,102.032156,Vías rápidas
63.49,102.17699660000001,Vías rápidas
63.18,101.6781012,Vías rápidas
63.0,101.38842,Vías rápidas
62.88,101.19529920000001,Vías rápidas
62.34,100.32625560000001,Vías rápidas
62.22,100.1331348,Vías rápidas
61.36,98.7491024,Vías rápidas
61.41,98.8295694,Vías rápidas
61.22,98.5237948,Vías rápidas
60.92,98.0409928,Vías rápidas
61.16,98.42723439999999,Vías rápidas
62.71,100.9217114,Vías rápidas
63.77,102.62761180000001,Vías rápidas
44.31,71.3098554,Vías rápidas
25.78,41.4887852,Tráfico fluido
22.82,36.7251388,Tráfico moderado
32.61,52.4805774,Tráfico fluido
64.47,103.7541498,Vías rápidas
62.59,100.7285906,Vías rápidas
63.88,102.8046392,Vías rápidas
63.18,101.6781012,Vías rápidas
62.88,101.19529920000001,Vías rápidas
62.53,100.6320302,Vías rápidas
62.7,100.905618,Vías rápidas
63.48,102.16090319999999,Vías rápidas
62.42,100.4550028,Vías rápidas
63.58,102.32183719999999,Vías rápidas
63.98,102.9655732,Vías rápidas
63.41,102.04824939999999,Vías rápidas
62.49,100.5676566,Vías rápidas
61.68,99.2640912,Vías rápidas
61.18,98.4594212,Vías rápidas
61.05,98.25020699999999,Vías rápidas
60.93,98.0570862,Vías rápidas
61.12,98.36286079999999,Vías rápidas
62.62,100.7768708,Vías rápidas
61.71,99.3123714,Vías rápidas
41.0,65.98294,Vías rápidas
24.31,39.1230554,Tráfico moderado
23.02,37.0470068,Tráfico moderado
21.38,34.4076892,Tráfico moderado
57.56,92.63361040000001,Vías rápidas
62.98,101.35623319999999,Vías rápidas
63.1,101.54935400000001,Vías rápidas
62.92,101.2596728,Vías rápidas
60.62,97.55819079999999,Vías rápidas
61.05,98.25020699999999,Vías rápidas
61.34,98.71691560000001,Vías rápidas
62.61,100.7607774,Vías rápidas
60.88,97.9766192,Vías rápidas
63.1,101.54935400000001,Vías rápidas
63.18,101.6781012,Vías rápidas
63.28,101.8390352,Vías rápidas
62.47,100.5354698,Vías rápidas
61.83,99.50549219999999,Vías rápidas
61.31,98.6686354,Vías rápidas
60.91,98.0248994,Vías rápidas
60.88,97.9766192,Vías rápidas
60.99,98.1536466,Vías rápidas
62.5,100.58375,Vías rápidas
65.99,106.20034659999999,Vías rápidas
42.72,68.7510048,Vías rápidas
23.78,38.2701052,Tráfico moderado
24.21,38.9621214,Tráfico moderado
21.98,35.3732932,Tráfico moderado
49.65,79.903731,Vías rápidas
61.53,99.0226902,Vías rápidas
62.85,101.147019,Vías rápidas
62.87,101.17920579999999,Vías rápidas
63.17,101.6620078,Vías rápidas
61.9,99.618146,Vías rápidas
62.38,100.3906292,Vías rápidas
63.95,102.917293,Vías rápidas
62.51,100.5998434,Vías rápidas
63.16,101.6459144,Vías rápidas
63.34,101.9355956,Vías rápidas
62.45,100.50328300000001,Vías rápidas
62.15,100.020481,Vías rápidas
61.72,99.32846479999999,Vías rápidas
61.28,98.6203552,Vías rápidas
61.01,98.18583339999999,Vías rápidas
60.88,97.9766192,Vías rápidas
61.32,98.6847288,Vías rápidas
62.77,101.01827180000001,Vías rápidas
55.05,88.594167,Vías rápidas
32.09,51.6437206,Tráfico fluido
21.39,34.4237826,Tráfico moderado
22.17,35.679067800000006,Tráfico moderado
21.09,33.9409806,Tráfico moderado
38.19,61.4606946,Tráfico fluido
63.87,102.7885458,Vías rápidas
62.39,100.4067226,Vías rápidas
62.82,101.0987388,Vías rápidas
61.66,99.23190439999999,Vías rápidas
61.72,99.32846479999999,Vías rápidas
61.97,99.7307998,Vías rápidas
62.5,100.58375,Vías rápidas
61.47,98.9261298,Vías rápidas
62.03,99.8273602,Vías rápidas
62.66,100.8412444,Vías rápidas
62.34,100.32625560000001,Vías rápidas
62.77,101.01827180000001,Vías rápidas
61.58,99.1031572,Vías rápidas
61.43,98.8617562,Vías rápidas
61.02,98.20192680000001,Vías rápidas
60.95,98.089273,Vías rápidas
61.04,98.2341136,Vías rápidas
62.52,100.6159368,Vías rápidas
63.48,102.16090319999999,Vías rápidas
46.03,74.07792020000001,Vías rápidas
27.89,44.8844926,Tráfico fluido
31.12,50.0826608,Tráfico fluido
58.65,94.38779099999999,Vías rápidas
62.27,100.2136018,Vías rápidas
64.64,104.0277376,Vías rápidas
64.58,103.9311772,Vías rápidas
64.58,103.9311772,Vías rápidas
63.9,102.836826,Vías rápidas
63.38,101.99996920000001,Vías rápidas
63.12,101.5815408,Vías rápidas
63.58,102.32183719999999,Vías rápidas
62.32,100.2940688,Vías rápidas
62.9,101.227486,Vías rápidas
64.04,103.06213360000001,Vías rápidas
63.45,102.112623,Vías rápidas
63.38,101.99996920000001,Vías rápidas
62.74,100.9699916,Vías rápidas
61.88,99.5859592,Vías rápidas
61.42,98.8456628,Vías rápidas
61.22,98.5237948,Vías rápidas
60.92,98.0409928,Vías rápidas
61.78,99.42502520000001,Vías rápidas
62.82,101.0987388,Vías rápidas
63.22,101.7424748,Vías rápidas
63.58,102.32183719999999,Vías rápidas
63.2,101.710288,Vías rápidas
60.96,98.1053664,Vías rápidas
63.08,101.5171672,Vías rápidas
61.89,99.60205260000001,Vías rápidas
44.88,72.22717920000001,Vías rápidas
61.82,99.4893988,Vías rápidas
62.88,101.19529920000001,Vías rápidas
62.08,99.9078272,Vías rápidas
56.59,91.0725506,Vías rápidas
60.56,97.4616304,Vías rápidas
61.28,98.6203552,Vías rápidas
60.52,97.39725680000001,Vías rápidas
62.01,99.7951734,Vías rápidas
62.59,100.7285906,Vías rápidas
62.08,99.9078272,Vías rápidas
61.75,99.376745,Vías rápidas
61.58,99.1031572,Vías rápidas
61.1,98.330674,Vías rápidas
,,
61.28,98.6203552,Vías rápidas
61.44,98.87784959999999,Vías rápidas
61.72,99.32846479999999,Vías rápidas
61.61,99.15143739999999,Vías rápidas
61.49,98.9583166,Vías rápidas
62.61,100.7607774,Vías rápidas
63.18,101.6781012,Vías rápidas
63.93,102.8851062,Vías rápidas
63.24,101.7746616,Vías rápidas
62.38,100.3906292,Vías rápidas
63.23,101.7585682,Vías rápidas
62.94,101.2918596,Vías rápidas
63.45,102.112623,Vías rápidas
63.49,102.17699660000001,Vías rápidas
63.57,102.3057438,Vías rápidas
64.18,103.2874412,Vías rápidas
62.61,100.7607774,Vías rápidas
61.12,98.36286079999999,Vías rápidas
62.44,100.4871896,Vías rápidas
62.09,99.9239206,Vías rápidas
61.58,99.1031572,Vías rápidas
61.21,98.5077014,Vías rápidas
61.03,98.2180202,Vías rápidas
61.08,98.2984872,Vías rápidas
61.19,98.4755146,Vías rápidas
61.98,99.74689319999999,Vías rápidas
66.77,107.45563179999999,Vías rápidas
47.11,75.8160074,Vías rápidas
23.52,37.8516768,Tráfico moderado
22.05,35.485947,Tráfico moderado
21.33,34.327222199999994,Tráfico moderado
48.38,77.8598692,Vías rápidas
63.01,101.4045134,Vías rápidas
62.96,101.3240464,Vías rápidas
63.68,102.4827712,Vías rápidas
63.34,101.9355956,Vías rápidas
61.64,99.1997176,Vías rápidas
63.06,101.4849804,Vías rápidas
63.41,102.04824939999999,Vías rápidas
64.08,103.12650719999999,Vías rápidas
63.1,101.54935400000001,Vías rápidas
62.94,101.2918596,Vías rápidas
62.43,100.4710962,Vías rápidas
62.37,100.37453579999999,Vías rápidas
61.81,99.4733054,Vías rápidas
61.22,98.5237948,Vías rápidas
61.16,98.42723439999999,Vías rápidas
60.93,98.0570862,Vías rápidas
61.08,98.2984872,Vías rápidas
62.42,100.4550028,Vías rápidas
65.29,105.0738086,Vías rápidas
40.36,64.9529624,Tráfico fluido
21.5,34.60081,Tráfico moderado
21.39,34.4237826,Tráfico moderado
22.72,36.5642048,Tráfico moderado
47.5,76.44365,Vías rápidas
63.54,102.2574636,Vías rápidas
63.02,101.4206068,Vías rápidas
60.54,97.4294436,Vías rápidas
61.69,99.2801846,Vías rápidas
61.03,98.2180202,Vías rápidas
61.2,98.491608,Vías rápidas
61.16,98.42723439999999,Vías rápidas
62.59,100.7285906,Vías rápidas
63.04,101.45279359999999,Vías rápidas
61.88,99.5859592,Vías rápidas
62.03,99.8273602,Vías rápidas
61.62,99.1675308,Vías rápidas
61.72,99.32846479999999,Vías rápidas
61.08,98.2984872,Vías rápidas
60.94,98.07317959999999,Vías rápidas
60.97,98.1214598,Vías rápidas
61.05,98.25020699999999,Vías rápidas
62.7,100.905618,Vías rápidas
63.05,101.468887,Vías rápidas
33.82,54.4278788,Tráfico fluido
22.72,36.5642048,Tráfico moderado
21.44,34.5042496,Tráfico moderado
23.71,38.1574514,Tráfico moderado
66.87,107.6165658,Vías rápidas
63.63,102.4023042,Vías rápidas
65.18,104.8967812,Vías rápidas
63.27,101.82294180000001,Vías rápidas
63.33,101.9195022,Vías rápidas
61.23,98.5398882,Vías rápidas
62.89,101.2113926,Vías rápidas
63.51,102.2091834,Vías rápidas
63.3,101.87122199999999,Vías rápidas
63.41,102.04824939999999,Vías rápidas
61.68,99.2640912,Vías rápidas
62.12,99.9722008,Vías rápidas
61.82,99.4893988,Vías rápidas
61.4,98.813476,Vías rápidas
61.32,98.6847288,Vías rápidas
60.98,98.1375532,Vías rápidas
60.8,97.847872,Vías rápidas
61.1,98.330674,Vías rápidas
62.51,100.5998434,Vías rápidas
64.08,103.12650719999999,Vías rápidas
48.26,77.6667484,Vías rápidas
22.98,36.9826332,Tráfico moderado
25.34,40.7806756,Tráfico fluido
44.39,71.4386026,Vías rápidas
60.84,97.9122456,Vías rápidas
63.03,101.4367002,Vías rápidas
62.68,100.8734312,Vías rápidas
63.49,102.17699660000001,Vías rápidas
63.12,101.5815408,Vías rápidas
60.47,97.3167898,Vías rápidas
61.58,99.1031572,Vías rápidas
61.39,98.7973826,Vías rápidas
62.99,101.37232660000001,Vías rápidas
62.74,100.9699916,Vías rápidas
61.78,99.42502520000001,Vías rápidas
60.68,97.65475119999999,Vías rápidas
61.32,98.6847288,Vías rápidas
61.42,98.8456628,Vías rápidas
61.26,98.5881684,Vías rápidas
60.98,98.1375532,Vías rápidas
60.92,98.0409928,Vías rápidas
61.02,98.20192680000001,Vías rápidas
62.68,100.8734312,Vías rápidas
63.56,102.2896504,Vías rápidas
58.79,94.6130986,Vías rápidas
37.94,61.058359599999996,Tráfico fluido
28.19,45.3672946,Tráfico fluido
22.6,36.371084,Tráfico moderado
34.78,55.9728452,Tráfico fluido
64.17,103.2713478,Vías rápidas
62.6,100.744684,Vías rápidas
63.46,102.1287164,Vías rápidas
63.44,102.0965296,Vías rápidas
61.82,99.4893988,Vías rápidas
62.06,99.87564040000001,Vías rápidas
62.63,100.7929642,Vías rápidas
63.56,102.2896504,Vías rápidas
63.02,101.4206068,Vías rápidas
61.86,99.5537724,Vías rápidas
62.31,100.2779754,Vías rápidas
62.55,100.664217,Vías rápidas
62.29,100.2457886,Vías rápidas
61.61,99.15143739999999,Vías rápidas
61.16,98.42723439999999,Vías rápidas
61.14,98.3950476,Vías rápidas
61.24,98.55598160000001,Vías rápidas
61.51,98.9905034,Vías rápidas
62.25,100.181415,Vías rápidas
62.22,100.1331348,Vías rápidas
62.3,100.261882,Vías rápidas
62.75,100.986085,Vías rápidas
62.39,100.4067226,Vías rápidas
63.07,101.5010738,Vías rápidas
63.43,102.0804362,Vías rápidas
63.0,101.38842,Vías rápidas
62.2,100.100948,Vías rápidas
62.93,101.27576619999999,Vías rápidas
62.55,100.664217,Vías rápidas
63.08,101.5171672,Vías rápidas
59.94,96.4638396,Vías rápidas
63.0,101.38842,Vías rápidas
60.5,97.36507,Vías rápidas
59.98,96.5282132,Vías rápidas
62.01,99.7951734,Vías rápidas
62.09,99.9239206,Vías rápidas
62.06,99.87564040000001,Vías rápidas
61.88,99.5859592,Vías rápidas
61.22,98.5237948,Vías rápidas
60.86,97.9444324,Vías rápidas
61.02,98.20192680000001,Vías rápidas
61.24,98.55598160000001,Vías rápidas
61.78,99.42502520000001,Vías rápidas
62.02,99.8112668,Vías rápidas
62.29,100.2457886,Vías rápidas
63.13,101.5976342,Vías rápidas
63.33,101.9195022,Vías rápidas
64.18,103.2874412,Vías rápidas
64.16,103.2552544,Vías rápidas
63.33,101.9195022,Vías rápidas
64.73,104.1725782,Vías rápidas
64.04,103.06213360000001,Vías rápidas
63.67,102.4666778,Vías rápidas
62.99,101.37232660000001,Vías rápidas
63.02,101.4206068,Vías rápidas
63.35,101.951689,Vías rápidas
62.56,100.6803104,Vías rápidas
61.71,99.3123714,Vías rápidas
61.44,98.87784959999999,Vías rápidas
61.67,99.24799780000001,Vías rápidas
61.76,99.3928384,Vías rápidas
61.25,98.572075,Vías rápidas
60.93,98.0570862,Vías rápidas
60.68,97.65475119999999,Vías rápidas
61.16,98.42723439999999,Vías rápidas
62.3,100.261882,Vías rápidas
60.41,97.2202294,Vías rápidas
43.08,69.3303672,Vías rápidas
25.02,40.2656868,Tráfico fluido
27.05,43.532647000000004,Tráfico fluido
59.32,95.4660488,Vías rápidas
61.64,99.1997176,Vías rápidas
63.58,102.32183719999999,Vías rápidas
62.48,100.55156319999999,Vías rápidas
62.83,101.1148322,Vías rápidas
61.12,98.36286079999999,Vías rápidas
55.12,88.70682079999999,Vías rápidas
58.68,94.4360712,Vías rápidas
58.32,93.8567088,Vías rápidas
60.81,97.8639654,Vías rápidas
61.55,99.05487699999999,Vías rápidas
61.13,98.37895420000001,Vías rápidas
59.32,95.4660488,Vías rápidas
60.85,97.92833900000001,Vías rápidas
61.46,98.9100364,Vías rápidas
60.98,98.1375532,Vías rápidas
60.88,97.9766192,Vías rápidas
60.79,97.83177859999999,Vías rápidas
60.78,97.8156852,Vías rápidas
61.34,98.71691560000001,Vías rápidas
57.84,93.08422560000001,Vías rápidas
35.37,56.9223558,Tráfico fluido
21.37,34.391595800000005,Tráfico moderado
19.92,32.058052800000006,Tráfico moderado
21.97,35.3571998,Tráfico moderado
36.44,58.6443496,Tráfico fluido
60.26,96.9788284,Vías rápidas
62.48,100.55156319999999,Vías rápidas
63.6,102.354024,Vías rápidas
64.5,103.80243,Vías rápidas
63.15,101.62982099999999,Vías rápidas
63.36,101.9677824,Vías rápidas
63.44,102.0965296,Vías rápidas
63.86,102.77245239999999,Vías rápidas
63.48,102.16090319999999,Vías rápidas
62.99,101.37232660000001,Vías rápidas
63.23,101.7585682,Vías rápidas
61.96,99.7147064,Vías rápidas
61.42,98.8456628,Vías rápidas
60.74,97.75131160000001,Vías rápidas
60.62,97.55819079999999,Vías rápidas
60.67,97.6386578,Vías rápidas
60.42,97.2363228,Vías rápidas
60.82,97.8800588,Vías rápidas
59.85,96.318999,Vías rápidas
34.93,56.2142462,Tráfico fluido
20.57,33.1041238,Tráfico moderado
22.49,36.194056599999996,Tráfico moderado
23.76,38.237918400000005,Tráfico moderado
38.92,62.6355128,Tráfico fluido
61.81,99.4733054,Vías rápidas
61.22,98.5237948,Vías rápidas
61.53,99.0226902,Vías rápidas
62.39,100.4067226,Vías rápidas
61.07,98.2823938,Vías rápidas
61.87,99.5698658,Vías rápidas
62.83,101.1148322,Vías rápidas
63.6,102.354024,Vías rápidas
63.04,101.45279359999999,Vías rápidas
62.62,100.7768708,Vías rápidas
62.59,100.7285906,Vías rápidas
62.28,100.2296952,Vías rápidas
61.62,99.1675308,Vías rápidas
61.33,98.70082219999999,Vías rápidas
61.03,98.2180202,Vías rápidas
60.8,97.847872,Vías rápidas
61.2,98.491608,Vías rápidas
62.46,100.5193764,Vías rápidas
64.05,103.078227,Vías rápidas
42.01,67.60837339999999,Vías rápidas
22.83,36.7412322,Tráfico moderado
29.49,47.4594366,Tráfico fluido
41.32,66.4979288,Vías rápidas
63.01,101.4045134,Vías rápidas
63.52,102.2252768,Vías rápidas
63.33,101.9195022,Vías rápidas
63.34,101.9355956,Vías rápidas
63.08,101.5171672,Vías rápidas
61.69,99.2801846,Vías rápidas
54.05,86.984827,Vías rápidas
59.82,96.2707188,Vías rápidas
63.22,101.7424748,Vías rápidas
62.77,101.01827180000001,Vías rápidas
62.89,101.2113926,Vías rápidas
63.01,101.4045134,Vías rápidas
62.18,100.0687612,Vías rápidas
61.81,99.4733054,Vías rápidas
61.5,98.97441,Vías rápidas
61.12,98.36286079999999,Vías rápidas
60.98,98.1375532,Vías rápidas
61.35,98.733009,Vías rápidas
62.31,100.2779754,Vías rápidas
64.06,103.0943204,Vías rápidas
59.02,94.9832468,Vías rápidas
40.84,65.7254456,Vías rápidas
31.22,50.2435948,Tráfico fluido
57.58,92.6657972,Vías rápidas
62.31,100.2779754,Vías rápidas
62.72,100.9378048,Vías rápidas
60.21,96.8983614,Vías rápidas
62.31,100.2779754,Vías rápidas
64.2,103.31962800000001,Vías rápidas
62.96,101.3240464,Vías rápidas
63.35,101.951689,Vías rápidas
62.06,99.87564040000001,Vías rápidas
61.82,99.4893988,Vías rápidas
60.38,97.1719492,Vías rápidas
58.81,94.6452854,Vías rápidas
59.58,95.88447719999999,Vías rápidas
62.65,100.82515099999999,Vías rápidas
62.13,99.9882942,Vías rápidas
61.38,98.7812892,Vías rápidas
61.18,98.4594212,Vías rápidas
61.07,98.2823938,Vías rápidas
61.07,98.2823938,Vías rápidas
61.34,98.71691560000001,Vías rápidas
61.12,98.36286079999999,Vías rápidas
61.04,98.2341136,Vías rápidas
62.71,100.9217114,Vías rápidas
62.08,99.9078272,Vías rápidas
62.25,100.181415,Vías rápidas
61.25,98.572075,Vías rápidas
61.93,99.6664262,Vías rápidas
61.04,98.2341136,Vías rápidas
60.99,98.1536466,Vías rápidas
53.85,86.662959,Vías rápidas
61.35,98.733009,Vías rápidas
61.66,99.23190439999999,Vías rápidas
62.24,100.1653216,Vías rápidas
61.89,99.60205260000001,Vías rápidas
62.59,100.7285906,Vías rápidas
60.98,98.1375532,Vías rápidas
62.91,101.24357939999999,Vías rápidas
62.8,101.066552,Vías rápidas
62.79,101.0504586,Vías rápidas
61.91,99.6342394,Vías rápidas
61.56,99.07097040000001,Vías rápidas
61.06,98.2663004,Vías rápidas
61.11,98.3467674,Vías rápidas
61.32,98.6847288,Vías rápidas
61.98,99.74689319999999,Vías rápidas
62.11,99.9561074,Vías rápidas
62.83,101.1148322,Vías rápidas
63.58,102.32183719999999,Vías rápidas
63.48,102.16090319999999,Vías rápidas
61.72,99.32846479999999,Vías rápidas
61.94,99.68251959999999,Vías rápidas
62.02,99.8112668,Vías rápidas
61.7,99.296278,Vías rápidas
62.38,100.3906292,Vías rápidas
62.02,99.8112668,Vías rápidas
61.63,99.1836242,Vías rápidas
61.91,99.6342394,Vías rápidas
62.96,101.3240464,Vías rápidas
62.6,100.744684,Vías rápidas
62.3,100.261882,Vías rápidas
63.48,102.16090319999999,Vías rápidas
63.21,101.7263814,Vías rápidas
62.51,100.5998434,Vías rápidas
62.28,100.2296952,Vías rápidas
62.32,100.2940688,Vías rápidas
60.92,98.0409928,Vías rápidas
61.09,98.3145806,Vías rápidas
62.31,100.2779754,Vías rápidas
62.77,101.01827180000001,Vías rápidas
45.53,73.2732502,Vías rápidas
24.38,39.235709199999995,Tráfico moderado
23.23,37.3849682,Tráfico moderado
49.77,80.09685180000001,Vías rápidas
62.1,99.940014,Vías rápidas
62.02,99.8112668,Vías rápidas
62.12,99.9722008,Vías rápidas
62.28,100.2296952,Vías rápidas
62.38,100.3906292,Vías rápidas
61.11,98.3467674,Vías rápidas
61.6,99.135344,Vías rápidas
61.35,98.733009,Vías rápidas
62.56,100.6803104,Vías rápidas
63.17,101.6620078,Vías rápidas
62.62,100.7768708,Vías rápidas
62.31,100.2779754,Vías rápidas
61.96,99.7147064,Vías rápidas
61.72,99.32846479999999,Vías rápidas
61.28,98.6203552,Vías rápidas
61.01,98.18583339999999,Vías rápidas
60.88,97.9766192,Vías rápidas
61.13,98.37895420000001,Vías rápidas
62.82,101.0987388,Vías rápidas
64.4,103.641496,Vías rápidas
57.33,92.26346219999999,Vías rápidas
33.54,53.9772636,Tráfico fluido
22.98,36.9826332,Tráfico moderado
31.65,50.935610999999994,Tráfico fluido
59.49,95.7396366,Vías rápidas
62.63,100.7929642,Vías rápidas
51.55,82.961477,Vías rápidas
58.68,94.4360712,Vías rápidas
60.91,98.0248994,Vías rápidas
60.02,96.5925868,Vías rápidas
61.37,98.7651958,Vías rápidas
61.58,99.1031572,Vías rápidas
62.53,100.6320302,Vías rápidas
62.69,100.8895246,Vías rápidas
61.67,99.24799780000001,Vías rápidas
61.91,99.6342394,Vías rápidas
62.09,99.9239206,Vías rápidas
61.69,99.2801846,Vías rápidas
61.22,98.5237948,Vías rápidas
60.96,98.1053664,Vías rápidas
61.02,98.20192680000001,Vías rápidas
61.26,98.5881684,Vías rápidas
62.73,100.9538982,Vías rápidas
68.32,109.9501088,Vías rápidas
39.44,63.47236959999999,Tráfico fluido
22.66,36.4676444,Tráfico moderado
24.38,39.235709199999995,Tráfico moderado
37.18,59.8352612,Tráfico fluido
54.84,88.2562056,Vías rápidas
61.41,98.8295694,Vías rápidas
62.35,100.342349,Vías rápidas
61.51,98.9905034,Vías rápidas
61.65,99.215811,Vías rápidas
60.42,97.2363228,Vías rápidas
61.38,98.7812892,Vías rápidas
63.06,101.4849804,Vías rápidas
62.1,99.940014,Vías rápidas
63.19,101.69419459999999,Vías rápidas
62.66,100.8412444,Vías rápidas
63.01,101.4045134,Vías rápidas
62.22,100.1331348,Vías rápidas
61.65,99.215811,Vías rápidas
61.06,98.2663004,Vías rápidas
61.01,98.18583339999999,Vías rápidas
60.94,98.07317959999999,Vías rápidas
61.13,98.37895420000001,Vías rápidas
62.45,100.50328300000001,Vías rápidas
57.58,92.6657972,Vías rápidas
40.41,65.03342939999999,Vías rápidas
25.08,40.3622472,Tráfico fluido
25.12,40.4266208,Tráfico fluido
28.03,45.1098002,Tráfico fluido
57.76,92.95547839999999,Vías rápidas
61.38,98.7812892,Vías rápidas
61.43,98.8617562,Vías rápidas
62.48,100.55156319999999,Vías rápidas
62.36,100.3584424,Vías rápidas
62.28,100.2296952,Vías rápidas
61.37,98.7651958,Vías rápidas
62.78,101.0343652,Vías rápidas
62.86,101.1631124,Vías rápidas
62.81,101.0826454,Vías rápidas
62.54,100.6481236,Vías rápidas
62.54,100.6481236,Vías rápidas
62.59,100.7285906,Vías rápidas
61.82,99.4893988,Vías rápidas
61.51,98.9905034,Vías rápidas
60.98,98.1375532,Vías rápidas
60.97,98.1214598,Vías rápidas
61.12,98.36286079999999,Vías rápidas
62.21,100.1170414,Vías rápidas
63.7,102.51495800000001,Vías rápidas
60.39,97.1880426,Vías rápidas
44.82,72.1306188,Vías rápidas
33.11,53.285247399999996,Tráfico fluido
53.3,85.777822,Vías rápidas
52.14,83.9109876,Vías rápidas
61.06,98.2663004,Vías rápidas
61.04,98.2341136,Vías rápidas
61.51,98.9905034,Vías rápidas
61.62,99.1675308,Vías rápidas
60.36,97.1397624,Vías rápidas
61.37,98.7651958,Vías rápidas
62.25,100.181415,Vías rápidas
63.49,102.17699660000001,Vías rápidas
63.55,102.273557,Vías rápidas
63.41,102.04824939999999,Vías rápidas
63.02,101.4206068,Vías rápidas
63.18,101.6781012,Vías rápidas
62.48,100.55156319999999,Vías rápidas
61.7,99.296278,Vías rápidas
61.08,98.2984872,Vías rápidas
63.59,102.3379306,Vías rápidas
61.65,99.215811,Vías rápidas
61.5,98.97441,Vías rápidas
62.36,100.3584424,Vías rápidas
62.04,99.8434536,Vías rápidas
63.08,101.5171672,Vías rápidas
62.48,100.55156319999999,Vías rápidas
61.47,98.9261298,Vías rápidas
61.69,99.2801846,Vías rápidas
63.08,101.5171672,Vías rápidas
61.62,99.1675308,Vías rápidas
64.76,104.22085840000001,Vías rápidas
61.7,99.296278,Vías rápidas
61.55,99.05487699999999,Vías rápidas
61.74,99.3606516,Vías rápidas
64.93,104.49444620000001,Vías rápidas
62.98,101.35623319999999,Vías rápidas
61.48,98.9422232,Vías rápidas
65.66,105.66926439999999,Vías rápidas
65.32,105.12208879999999,Vías rápidas
63.86,102.77245239999999,Vías rápidas
64.22,103.3518148,Vías rápidas
62.42,100.4550028,Vías rápidas
64.64,104.0277376,Vías rápidas
64.26,103.41618840000001,Vías rápidas
62.89,101.2113926,Vías rápidas
61.31,98.6686354,Vías rápidas
61.83,99.50549219999999,Vías rápidas
63.88,102.8046392,Vías rápidas
63.06,101.4849804,Vías rápidas
62.75,100.986085,Vías rápidas
62.78,101.0343652,Vías rápidas
61.66,99.23190439999999,Vías rápidas
61.12,98.36286079999999,Vías rápidas
59.91,96.41555939999999,Vías rápidas
61.17,98.4433278,Vías rápidas
59.71,96.0936914,Vías rápidas
65.73,105.7819182,Vías rápidas
61.95,99.69861300000001,Vías rápidas
60.75,97.767405,Vías rápidas
60.88,97.9766192,Vías rápidas
61.44,98.87784959999999,Vías rápidas
60.06,96.6569604,Vías rápidas
61.47,98.9261298,Vías rápidas
61.37,98.7651958,Vías rápidas
60.98,98.1375532,Vías rápidas
60.36,97.1397624,Vías rápidas
59.92,96.43165280000001,Vías rápidas
56.7,91.249578,Vías rápidas
60.86,97.9444324,Vías rápidas
62.07,99.8917338,Vías rápidas
64.16,103.2552544,Vías rápidas
41.97,67.5439998,Vías rápidas
19.83,31.913212199999997,Tráfico moderado
19.12,30.7705808,Tráfico moderado
25.88,41.6497192,Tráfico fluido
51.98,83.6534932,Vías rápidas
62.13,99.9882942,Vías rápidas
62.28,100.2296952,Vías rápidas
63.31,101.8873154,Vías rápidas
62.18,100.0687612,Vías rápidas
61.9,99.618146,Vías rápidas
61.82,99.4893988,Vías rápidas
61.59,99.1192506,Vías rápidas
62.04,99.8434536,Vías rápidas
63.12,101.5815408,Vías rápidas
62.57,100.6964038,Vías rápidas
62.25,100.181415,Vías rápidas
62.3,100.261882,Vías rápidas
61.58,99.1031572,Vías rápidas
61.08,98.2984872,Vías rápidas
60.81,97.8639654,Vías rápidas
60.93,98.0570862,Vías rápidas
61.23,98.5398882,Vías rápidas
62.64,100.8090576,Vías rápidas
63.48,102.16090319999999,Vías rápidas
45.79,73.6916786,Vías rápidas
25.06,40.3300604,Tráfico fluido
26.35,42.406109,Tráfico fluido
37.78,60.800865200000004,Tráfico fluido
60.85,97.92833900000001,Vías rápidas
63.0,101.38842,Vías rápidas
62.06,99.87564040000001,Vías rápidas
62.29,100.2457886,Vías rápidas
61.51,98.9905034,Vías rápidas
60.94,98.07317959999999,Vías rápidas
61.8,99.457212,Vías rápidas
61.62,99.1675308,Vías rápidas
63.04,101.45279359999999,Vías rápidas
63.62,102.3862108,Vías rápidas
62.3,100.261882,Vías rápidas
62.48,100.55156319999999,Vías rápidas
62.02,99.8112668,Vías rápidas
61.82,99.4893988,Vías rápidas
61.4,98.813476,Vías rápidas
61.09,98.3145806,Vías rápidas
60.87,97.9605258,Vías rápidas
61.19,98.4755146,Vías rápidas
62.83,101.1148322,Vías rápidas
61.87,99.5698658,Vías rápidas
42.11,67.7693074,Vías rápidas
23.18,37.3045012,Tráfico moderado
22.38,36.017029199999996,Tráfico moderado
22.18,35.6951612,Tráfico moderado
34.98,56.2947132,Tráfico fluido
63.31,101.8873154,Vías rápidas
64.71,104.14039139999998,Vías rápidas
63.5,102.19309,Vías rápidas
63.27,101.82294180000001,Vías rápidas
61.37,98.7651958,Vías rápidas
62.34,100.32625560000001,Vías rápidas
62.35,100.342349,Vías rápidas
63.14,101.6137276,Vías rápidas
63.87,102.7885458,Vías rápidas
62.9,101.227486,Vías rápidas
62.63,100.7929642,Vías rápidas
62.14,100.0043876,Vías rápidas
61.51,98.9905034,Vías rápidas
61.15,98.411141,Vías rápidas
60.99,98.1536466,Vías rápidas
60.8,97.847872,Vías rápidas
61.21,98.5077014,Vías rápidas
62.44,100.4871896,Vías rápidas
63.98,102.9655732,Vías rápidas
46.28,74.4802552,Vías rápidas
23.49,37.8033966,Tráfico moderado
30.17,48.5537878,Tráfico fluido
56.05,90.203507,Vías rápidas
61.75,99.376745,Vías rápidas
63.58,102.32183719999999,Vías rápidas
63.29,101.8551286,Vías rápidas
63.68,102.4827712,Vías rápidas
63.85,102.756359,Vías rápidas
62.78,101.0343652,Vías rápidas
64.18,103.2874412,Vías rápidas
62.24,100.1653216,Vías rápidas
57.57,92.6497038,Vías rápidas
49.4,79.501396,Vías rápidas
59.37,95.5465158,Vías rápidas
60.67,97.6386578,Vías rápidas
60.95,98.089273,Vías rápidas
60.84,97.9122456,Vías rápidas
60.85,97.92833900000001,Vías rápidas
60.71,97.7030314,Vías rápidas
60.49,97.3489766,Vías rápidas
60.75,97.767405,Vías rápidas
61.18,98.4594212,Vías rápidas
61.28,98.6203552,Vías rápidas
47.32,76.1539688,Vías rápidas
33.08,53.236967199999995,Tráfico fluido
32.22,51.8529348,Tráfico fluido
58.82,94.6613788,Vías rápidas
63.57,102.3057438,Vías rápidas
64.01,103.0138534,Vías rápidas
64.74,104.18867159999999,Vías rápidas
63.71,102.5310514,Vías rápidas
63.91,102.85291939999999,Vías rápidas
63.18,101.6781012,Vías rápidas
63.92,102.86901280000001,Vías rápidas
63.64,102.4183976,Vías rápidas
63.84,102.7402656,Vías rápidas
63.79,102.6597986,Vías rápidas
62.74,100.9699916,Vías rápidas
63.03,101.4367002,Vías rápidas
61.79,99.4411186,Vías rápidas
61.89,99.60205260000001,Vías rápidas
59.73,96.12587819999999,Vías rápidas
58.86,94.7257524,Vías rápidas
60.82,97.8800588,Vías rápidas
61.01,98.18583339999999,Vías rápidas
61.38,98.7812892,Vías rápidas
62.18,100.0687612,Vías rápidas
62.52,100.6159368,Vías rápidas
64.08,103.12650719999999,Vías rápidas
62.48,100.55156319999999,Vías rápidas
60.28,97.0110152,Vías rápidas
58.78,94.5970052,Vías rápidas
19.13,30.786674199999997,Tráfico moderado
50.63,81.4808842,Vías rápidas
61.13,98.37895420000001,Vías rápidas
62.05,99.85954699999999,Vías rápidas
62.32,100.2940688,Vías rápidas
61.28,98.6203552,Vías rápidas
61.51,98.9905034,Vías rápidas
60.9,98.00880599999999,Vías rápidas
62.02,99.8112668,Vías rápidas
61.85,99.537679,Vías rápidas
62.88,101.19529920000001,Vías rápidas
62.93,101.27576619999999,Vías rápidas
62.05,99.85954699999999,Vías rápidas
61.67,99.24799780000001,Vías rápidas
61.39,98.7973826,Vías rápidas
61.1,98.330674,Vías rápidas
60.97,98.1214598,Vías rápidas
61.15,98.411141,Vías rápidas
62.02,99.8112668,Vías rápidas
62.22,100.1331348,Vías rápidas
62.42,100.4550028,Vías rápidas
63.08,101.5171672,Vías rápidas
62.78,101.0343652,Vías rápidas
62.45,100.50328300000001,Vías rápidas
61.38,98.7812892,Vías rápidas
61.04,98.2341136,Vías rápidas
62.48,100.55156319999999,Vías rápidas
61.92,99.6503328,Vías rápidas
62.17,100.05266780000001,Vías rápidas
62.07,99.8917338,Vías rápidas
62.43,100.4710962,Vías rápidas
62.68,100.8734312,Vías rápidas
62.68,100.8734312,Vías rápidas
60.5,97.36507,Vías rápidas
62.4,100.422816,Vías rápidas
62.84,101.13092560000001,Vías rápidas
61.81,99.4733054,Vías rápidas
61.32,98.6847288,Vías rápidas
60.9,98.00880599999999,Vías rápidas
60.92,98.0409928,Vías rápidas
61.16,98.42723439999999,Vías rápidas
62.71,100.9217114,Vías rápidas
64.85,104.36569899999999,Vías rápidas
50.65,81.513071,Vías rápidas
28.7,46.188058,Tráfico fluido
26.42,42.518762800000005,Tráfico fluido
52.99,85.2789266,Vías rápidas
56.38,90.7345892,Vías rápidas
63.65,102.434491,Vías rápidas
63.31,101.8873154,Vías rápidas
63.51,102.2091834,Vías rápidas
63.08,101.5171672,Vías rápidas
62.29,100.2457886,Vías rápidas
62.66,100.8412444,Vías rápidas
61.28,98.6203552,Vías rápidas
61.59,99.1192506,Vías rápidas
63.76,102.6115184,Vías rápidas
62.88,101.19529920000001,Vías rápidas
62.78,101.0343652,Vías rápidas
62.11,99.9561074,Vías rápidas
61.49,98.9583166,Vías rápidas
61.18,98.4594212,Vías rápidas
60.91,98.0248994,Vías rápidas
61.01,98.18583339999999,Vías rápidas
61.23,98.5398882,Vías rápidas
62.71,100.9217114,Vías rápidas
66.37,106.8118958,Vías rápidas
45.57,73.3376238,Vías rápidas
27.85,44.820119000000005,Tráfico fluido
30.82,49.5998588,Tráfico fluido
52.06,83.7822404,Vías rápidas
62.79,101.0504586,Vías rápidas
63.4,102.032156,Vías rápidas
64.81,104.30132540000001,Vías rápidas
63.22,101.7424748,Vías rápidas
63.06,101.4849804,Vías rápidas
62.14,100.0043876,Vías rápidas
62.41,100.4389094,Vías rápidas
63.18,101.6781012,Vías rápidas
63.28,101.8390352,Vías rápidas
63.6,102.354024,Vías rápidas
62.61,100.7607774,Vías rápidas
62.58,100.7124972,Vías rápidas
62.49,100.5676566,Vías rápidas
61.58,99.1031572,Vías rápidas
61.61,99.15143739999999,Vías rápidas
60.99,98.1536466,Vías rápidas
60.99,98.1536466,Vías rápidas
61.17,98.4433278,Vías rápidas
62.54,100.6481236,Vías rápidas
63.25,101.790755,Vías rápidas
48.12,77.4414408,Vías rápidas
28.34,45.6086956,Tráfico fluido
31.26,50.3079684,Tráfico fluido
24.44,39.332269600000004,Tráfico moderado
37.34,60.092755600000004,Tráfico fluido
63.48,102.16090319999999,Vías rápidas
63.52,102.2252768,Vías rápidas
64.03,103.04604020000001,Vías rápidas
63.42,102.0643428,Vías rápidas
60.93,98.0570862,Vías rápidas
62.32,100.2940688,Vías rápidas
63.09,101.5332606,Vías rápidas
63.15,101.62982099999999,Vías rápidas
64.02,103.02994679999999,Vías rápidas
65.53,105.4600502,Vías rápidas
63.38,101.99996920000001,Vías rápidas
61.78,99.42502520000001,Vías rápidas
63.88,102.8046392,Vías rápidas
66.97,107.7774998,Vías rápidas
63.75,102.595425,Vías rápidas
60.76,97.7834984,Vías rápidas
60.83,97.8961522,Vías rápidas
62.07,99.8917338,Vías rápidas
61.27,98.6042618,Vías rápidas
45.62,73.4180908,Vías rápidas
25.52,41.0703568,Tráfico fluido
25.63,41.2473842,Tráfico fluido
35.99,57.9201466,Tráfico fluido
60.36,97.1397624,Vías rápidas
62.99,101.37232660000001,Vías rápidas
63.56,102.2896504,Vías rápidas
65.73,105.7819182,Vías rápidas
61.92,99.6503328,Vías rápidas
61.45,98.89394300000001,Vías rápidas
61.62,99.1675308,Vías rápidas
61.97,99.7307998,Vías rápidas
63.3,101.87122199999999,Vías rápidas
63.38,101.99996920000001,Vías rápidas
62.48,100.55156319999999,Vías rápidas
62.45,100.50328300000001,Vías rápidas
62.62,100.7768708,Vías rápidas
62.1,99.940014,Vías rápidas
61.21,98.5077014,Vías rápidas
60.99,98.1536466,Vías rápidas
61.02,98.20192680000001,Vías rápidas
61.18,98.4594212,Vías rápidas
62.35,100.342349,Vías rápidas
64.23,103.3679082,Vías rápidas
59.45,95.675263,Vías rápidas
45.88,73.8365192,Vías rápidas
48.63,78.2622042,Vías rápidas
61.27,98.6042618,Vías rápidas
60.82,97.8800588,Vías rápidas
62.12,99.9722008,Vías rápidas
62.65,100.82515099999999,Vías rápidas
62.71,100.9217114,Vías rápidas
62.4,100.422816,Vías rápidas
60.86,97.9444324,Vías rápidas
62.26,100.19750839999999,Vías rápidas
61.84,99.52158560000001,Vías rápidas
62.99,101.37232660000001,Vías rápidas
62.88,101.19529920000001,Vías rápidas
61.99,99.7629866,Vías rápidas
62.86,101.1631124,Vías rápidas
63.08,101.5171672,Vías rápidas
62.49,100.5676566,Vías rápidas
62.11,99.9561074,Vías rápidas
61.17,98.4433278,Vías rápidas
61.04,98.2341136,Vías rápidas
61.02,98.20192680000001,Vías rápidas
61.32,98.6847288,Vías rápidas
62.71,100.9217114,Vías rápidas
62.28,100.2296952,Vías rápidas
63.73,102.5632382,Vías rápidas
62.38,100.3906292,Vías rápidas
61.75,99.376745,Vías rápidas
61.72,99.32846479999999,Vías rápidas
61.66,99.23190439999999,Vías rápidas
61.76,99.3928384,Vías rápidas
61.73,99.3445582,Vías rápidas
61.98,99.74689319999999,Vías rápidas
61.84,99.52158560000001,Vías rápidas
61.44,98.87784959999999,Vías rápidas
61.7,99.296278,Vías rápidas
61.78,99.42502520000001,Vías rápidas
61.42,98.8456628,Vías rápidas
61.28,98.6203552,Vías rápidas
62.64,100.8090576,Vías rápidas
63.41,102.04824939999999,Vías rápidas
62.22,100.1331348,Vías rápidas
62.04,99.8434536,Vías rápidas
61.38,98.7812892,Vías rápidas
60.94,98.07317959999999,Vías rápidas
60.94,98.07317959999999,Vías rápidas
61.14,98.3950476,Vías rápidas
61.39,98.7973826,Vías rápidas
62.01,99.7951734,Vías rápidas
62.28,100.2296952,Vías rápidas
63.22,101.7424748,Vías rápidas
63.16,101.6459144,Vías rápidas
61.89,99.60205260000001,Vías rápidas
61.62,99.1675308,Vías rápidas
60.8,97.847872,Vías rápidas
50.88,81.8832192,Vías rápidas
43.31,69.7005154,Vías rápidas
61.93,99.6664262,Vías rápidas
61.02,98.20192680000001,Vías rápidas
62.26,100.19750839999999,Vías rápidas
62.96,101.3240464,Vías rápidas
62.76,101.00217839999999,Vías rápidas
61.36,98.7491024,Vías rápidas
63.14,101.6137276,Vías rápidas
62.78,101.0343652,Vías rápidas
61.92,99.6503328,Vías rápidas
61.08,98.2984872,Vías rápidas
60.88,97.9766192,Vías rápidas
60.78,97.8156852,Vías rápidas
60.98,98.1375532,Vías rápidas
62.5,100.58375,Vías rápidas
63.3,101.87122199999999,Vías rápidas
45.92,73.90089280000001,Vías rápidas
28.98,46.6386732,Tráfico fluido
31.09,50.0343806,Tráfico fluido
56.97,91.6840998,Vías rápidas
63.1,101.54935400000001,Vías rápidas
64.11,103.1747874,Vías rápidas
64.06,103.0943204,Vías rápidas
63.78,102.6437052,Vías rápidas
62.41,100.4389094,Vías rápidas
62.35,100.342349,Vías rápidas
62.05,99.85954699999999,Vías rápidas
58.87,94.7418458,Vías rápidas
60.21,96.8983614,Vías rápidas
63.12,101.5815408,Vías rápidas
62.36,100.3584424,Vías rápidas
62.22,100.1331348,Vías rápidas
61.99,99.7629866,Vías rápidas
61.57,99.0870638,Vías rápidas
60.76,97.7834984,Vías rápidas
60.68,97.65475119999999,Vías rápidas
60.77,97.7995918,Vías rápidas
60.94,98.07317959999999,Vías rápidas
62.12,99.9722008,Vías rápidas
61.86,99.5537724,Vías rápidas
39.12,62.957380799999996,Tráfico fluido
23.82,38.3344788,Tráfico moderado
18.71,30.1107514,Tráfico moderado
20.96,33.7317664,Tráfico moderado
35.03,56.3751802,Tráfico fluido
58.98,94.9188732,Vías rápidas
58.87,94.7418458,Vías rápidas
62.92,101.2596728,Vías rápidas
61.37,98.7651958,Vías rápidas
61.21,98.5077014,Vías rápidas
61.74,99.3606516,Vías rápidas
61.22,98.5237948,Vías rápidas
62.12,99.9722008,Vías rápidas
62.75,100.986085,Vías rápidas
62.6,100.744684,Vías rápidas
62.1,99.940014,Vías rápidas
62.55,100.664217,Vías rápidas
61.49,98.9583166,Vías rápidas
61.17,98.4433278,Vías rápidas
60.91,98.0248994,Vías rápidas
60.76,97.7834984,Vías rápidas
61.11,98.3467674,Vías rápidas
62.28,100.2296952,Vías rápidas
63.69,102.49886459999999,Vías rápidas
44.5,71.61563,Vías rápidas
24.63,39.638044199999996,Tráfico moderado
26.87,43.2429658,Tráfico fluido
46.74,75.22055160000001,Vías rápidas
57.88,93.1485992,Vías rápidas
62.96,101.3240464,Vías rápidas
62.77,101.01827180000001,Vías rápidas
62.82,101.0987388,Vías rápidas
62.82,101.0987388,Vías rápidas
61.68,99.2640912,Vías rápidas
60.91,98.0248994,Vías rápidas
61.25,98.572075,Vías rápidas
61.59,99.1192506,Vías rápidas
62.29,100.2457886,Vías rápidas
62.09,99.9239206,Vías rápidas
62.27,100.2136018,Vías rápidas
62.33,100.3101622,Vías rápidas
61.7,99.296278,Vías rápidas
61.29,98.6364486,Vías rápidas
60.82,97.8800588,Vías rápidas
60.85,97.92833900000001,Vías rápidas
61.02,98.20192680000001,Vías rápidas
61.87,99.5698658,Vías rápidas
62.87,101.17920579999999,Vías rápidas
46.86,75.4136724,Vías rápidas
32.07,51.611533800000004,Tráfico fluido
31.62,50.8873308,Tráfico fluido
52.94,85.19845959999999,Vías rápidas
59.69,96.06150459999999,Vías rápidas
62.46,100.5193764,Vías rápidas
62.92,101.2596728,Vías rápidas
63.21,101.7263814,Vías rápidas
62.19,100.0848546,Vías rápidas
61.28,98.6203552,Vías rápidas
60.87,97.9605258,Vías rápidas
61.35,98.733009,Vías rápidas
62.55,100.664217,Vías rápidas
63.81,102.69198540000001,Vías rápidas
63.0,101.38842,Vías rápidas
62.95,101.307953,Vías rápidas
62.36,100.3584424,Vías rápidas
62.02,99.8112668,Vías rápidas
61.24,98.55598160000001,Vías rápidas
61.0,98.16974,Vías rápidas
61.02,98.20192680000001,Vías rápidas
61.16,98.42723439999999,Vías rápidas
62.3,100.261882,Vías rápidas
63.63,102.4023042,Vías rápidas
54.54,87.7734036,Vías rápidas
47.22,75.9930348,Vías rápidas
36.7,59.062778,Tráfico fluido
58.78,94.5970052,Vías rápidas
60.44,97.2685096,Vías rápidas
63.03,101.4367002,Vías rápidas
62.38,100.3906292,Vías rápidas
62.51,100.5998434,Vías rápidas
62.63,100.7929642,Vías rápidas
61.46,98.9100364,Vías rápidas
62.02,99.8112668,Vías rápidas
62.43,100.4710962,Vías rápidas
63.45,102.112623,Vías rápidas
63.52,102.2252768,Vías rápidas
62.08,99.9078272,Vías rápidas
63.32,101.9034088,Vías rápidas
62.39,100.4067226,Vías rápidas
61.94,99.68251959999999,Vías rápidas
61.6,99.135344,Vías rápidas
61.36,98.7491024,Vías rápidas
60.9,98.00880599999999,Vías rápidas
61.18,98.4594212,Vías rápidas
61.44,98.87784959999999,Vías rápidas
62.08,99.9078272,Vías rápidas
62.68,100.8734312,Vías rápidas
62.85,101.147019,Vías rápidas
62.98,101.35623319999999,Vías rápidas
62.38,100.3906292,Vías rápidas
61.28,98.6203552,Vías rápidas
60.89,97.9927126,Vías rápidas
60.98,98.1375532,Vías rápidas
60.82,97.8800588,Vías rápidas
61.14,98.3950476,Vías rápidas
61.18,98.4594212,Vías rápidas
61.08,98.2984872,Vías rápidas
60.83,97.8961522,Vías rápidas
61.13,98.37895420000001,Vías rápidas
61.24,98.55598160000001,Vías rápidas
60.82,97.8800588,Vías rápidas
62.4,100.422816,Vías rápidas
62.12,99.9722008,Vías rápidas
61.68,99.2640912,Vías rápidas
61.73,99.3445582,Vías rápidas
61.17,98.4433278,Vías rápidas
61.08,98.2984872,Vías rápidas
60.94,98.07317959999999,Vías rápidas
61.26,98.5881684,Vías rápidas
61.75,99.376745,Vías rápidas
61.88,99.5859592,Vías rápidas
62.11,99.9561074,Vías rápidas
61.83,99.50549219999999,Vías rápidas
62.04,99.8434536,Vías rápidas
62.17,100.05266780000001,Vías rápidas
59.65,95.997131,Vías rápidas
59.2,95.27292800000001,Vías rápidas
61.78,99.42502520000001,Vías rápidas
60.96,98.1053664,Vías rápidas
61.26,98.5881684,Vías rápidas
61.22,98.5237948,Vías rápidas
61.81,99.4733054,Vías rápidas
62.13,99.9882942,Vías rápidas
62.27,100.2136018,Vías rápidas
61.32,98.6847288,Vías rápidas
62.64,100.8090576,Vías rápidas
62.18,100.0687612,Vías rápidas
61.73,99.3445582,Vías rápidas
61.34,98.71691560000001,Vías rápidas
61.06,98.2663004,Vías rápidas
60.8,97.847872,Vías rápidas
61.27,98.6042618,Vías rápidas
62.82,101.0987388,Vías rápidas
63.13,101.5976342,Vías rápidas
45.44,73.1284096,Vías rápidas
26.64,42.8728176,Tráfico fluido
30.49,49.0687766,Tráfico fluido
54.7,88.03089800000001,Vías rápidas
63.04,101.45279359999999,Vías rápidas
63.09,101.5332606,Vías rápidas
62.69,100.8895246,Vías rápidas
62.84,101.13092560000001,Vías rápidas
62.57,100.6964038,Vías rápidas
60.42,97.2363228,Vías rápidas
62.29,100.2457886,Vías rápidas
62.11,99.9561074,Vías rápidas
62.67,100.8573378,Vías rápidas
63.4,102.032156,Vías rápidas
62.71,100.9217114,Vías rápidas
62.18,100.0687612,Vías rápidas
61.94,99.68251959999999,Vías rápidas
61.65,99.215811,Vías rápidas
61.12,98.36286079999999,Vías rápidas
60.79,97.83177859999999,Vías rápidas
60.84,97.9122456,Vías rápidas
61.02,98.20192680000001,Vías rápidas
62.98,101.35623319999999,Vías rápidas
64.58,103.9311772,Vías rápidas
47.24,76.02522160000001,Vías rápidas
27.63,44.4660642,Tráfico fluido
25.93,41.7301862,Tráfico fluido
25.95,41.762373,Tráfico fluido
54.12,87.0974808,Vías rápidas
61.18,98.4594212,Vías rápidas
60.78,97.8156852,Vías rápidas
61.47,98.9261298,Vías rápidas
60.74,97.75131160000001,Vías rápidas
60.47,97.3167898,Vías rápidas
60.02,96.5925868,Vías rápidas
60.8,97.847872,Vías rápidas
61.83,99.50549219999999,Vías rápidas
62.42,100.4550028,Vías rápidas
62.08,99.9078272,Vías rápidas
62.25,100.181415,Vías rápidas
62.06,99.87564040000001,Vías rápidas
61.62,99.1675308,Vías rápidas
61.27,98.6042618,Vías rápidas
60.85,97.92833900000001,Vías rápidas
60.91,98.0248994,Vías rápidas
61.21,98.5077014,Vías rápidas
62.68,100.8734312,Vías rápidas
63.57,102.3057438,Vías rápidas
43.24,69.5878616,Vías rápidas
23.18,37.3045012,Tráfico moderado
26.07,41.9554938,Tráfico fluido
44.37,71.40641579999999,Vías rápidas
60.92,98.0409928,Vías rápidas
62.78,101.0343652,Vías rápidas
67.36,108.4051424,Vías rápidas
67.38,108.4373292,Vías rápidas
66.83,107.5521922,Vías rápidas
66.02,106.2486268,Vías rápidas
64.76,104.22085840000001,Vías rápidas
60.75,97.767405,Vías rápidas
61.95,99.69861300000001,Vías rápidas
62.11,99.9561074,Vías rápidas
61.69,99.2801846,Vías rápidas
61.84,99.52158560000001,Vías rápidas
62.16,100.03657439999999,Vías rápidas
61.26,98.5881684,Vías rápidas
61.15,98.411141,Vías rápidas
60.88,97.9766192,Vías rápidas
60.93,98.0570862,Vías rápidas
61.23,98.5398882,Vías rápidas
62.8,101.066552,Vías rápidas
64.63,104.01164419999999,Vías rápidas
49.03,78.9059402,Vías rápidas
26.02,41.8750268,Tráfico fluido
24.92,40.1047528,Tráfico fluido
23.3,37.497622,Tráfico moderado
36.77,59.175431800000005,Tráfico fluido
62.31,100.2779754,Vías rápidas
61.56,99.07097040000001,Vías rápidas
62.42,100.4550028,Vías rápidas
62.08,99.9078272,Vías rápidas
60.02,96.5925868,Vías rápidas
60.61,97.5420974,Vías rápidas
61.62,99.1675308,Vías rápidas
62.48,100.55156319999999,Vías rápidas
63.3,101.87122199999999,Vías rápidas
61.85,99.537679,Vías rápidas
62.68,100.8734312,Vías rápidas
62.34,100.32625560000001,Vías rápidas
61.7,99.296278,Vías rápidas
61.52,99.00659680000001,Vías rápidas
61.0,98.16974,Vías rápidas
60.92,98.0409928,Vías rápidas
61.28,98.6203552,Vías rápidas
62.1,99.940014,Vías rápidas
62.61,100.7607774,Vías rápidas
48.99,78.84156660000001,Vías rápidas
27.0,43.45218,Tráfico fluido
27.97,45.0132398,Tráfico fluido
24.71,39.7667914,Tráfico moderado
36.5,58.74091,Tráfico fluido
62.0,99.77908,Vías rápidas
61.89,99.60205260000001,Vías rápidas
62.05,99.85954699999999,Vías rápidas
62.28,100.2296952,Vías rápidas
59.71,96.0936914,Vías rápidas
61.34,98.71691560000001,Vías rápidas
61.41,98.8295694,Vías rápidas
62.02,99.8112668,Vías rápidas
62.76,101.00217839999999,Vías rápidas
62.37,100.37453579999999,Vías rápidas
62.78,101.0343652,Vías rápidas
62.61,100.7607774,Vías rápidas
62.03,99.8273602,Vías rápidas
61.69,99.2801846,Vías rápidas
61.21,98.5077014,Vías rápidas
61.01,98.18583339999999,Vías rápidas
60.98,98.1375532,Vías rápidas
61.41,98.8295694,Vías rápidas
62.5,100.58375,Vías rápidas
62.39,100.4067226,Vías rápidas
62.84,101.13092560000001,Vías rápidas
61.77,99.4089318,Vías rápidas
60.56,97.4616304,Vías rápidas
59.74,96.1419716,Vías rápidas
60.0,96.5604,Vías rápidas
60.12,96.75352079999999,Vías rápidas
60.13,96.7696142,Vías rápidas
60.89,97.9927126,Vías rápidas
60.85,97.92833900000001,Vías rápidas
60.66,97.62256439999999,Vías rápidas
60.28,97.0110152,Vías rápidas
60.98,98.1375532,Vías rápidas
61.22,98.5237948,Vías rápidas
61.26,98.5881684,Vías rápidas
62.47,100.5354698,Vías rápidas
62.84,101.13092560000001,Vías rápidas
62.19,100.0848546,Vías rápidas
61.8,99.457212,Vías rápidas
61.4,98.813476,Vías rápidas
60.99,98.1536466,Vías rápidas
60.92,98.0409928,Vías rápidas
61.2,98.491608,Vías rápidas
61.69,99.2801846,Vías rápidas
61.98,99.74689319999999,Vías rápidas
61.52,99.00659680000001,Vías rápidas
62.44,100.4871896,Vías rápidas
61.93,99.6664262,Vías rápidas
62.06,99.87564040000001,Vías rápidas
60.13,96.7696142,Vías rápidas
59.41,95.61088939999999,Vías rápidas
60.4,97.20413599999999,Vías rápidas
59.92,96.43165280000001,Vías rápidas
60.02,96.5925868,Vías rápidas
60.48,97.3328832,Vías rápidas
60.85,97.92833900000001,Vías rápidas
61.93,99.6664262,Vías rápidas
61.83,99.50549219999999,Vías rápidas
61.2,98.491608,Vías rápidas
61.82,99.4893988,Vías rápidas
61.42,98.8456628,Vías rápidas
61.72,99.32846479999999,Vías rápidas
61.48,98.9422232,Vías rápidas
60.83,97.8961522,Vías rápidas
60.99,98.1536466,Vías rápidas
61.14,98.3950476,Vías rápidas
62.72,100.9378048,Vías rápidas
63.15,101.62982099999999,Vías rápidas
44.99,72.40420660000001,Vías rápidas
25.09,40.3783406,Tráfico fluido
23.54,37.8838636,Tráfico moderado
24.33,39.155242199999996,Tráfico moderado
52.18,83.9753612,Vías rápidas
62.66,100.8412444,Vías rápidas
61.82,99.4893988,Vías rápidas
62.46,100.5193764,Vías rápidas
62.82,101.0987388,Vías rápidas
61.66,99.23190439999999,Vías rápidas
61.31,98.6686354,Vías rápidas
62.18,100.0687612,Vías rápidas
62.82,101.0987388,Vías rápidas
63.29,101.8551286,Vías rápidas
62.64,100.8090576,Vías rápidas
62.17,100.05266780000001,Vías rápidas
62.03,99.8273602,Vías rápidas
61.6,99.135344,Vías rápidas
61.15,98.411141,Vías rápidas
60.78,97.8156852,Vías rápidas
60.79,97.83177859999999,Vías rápidas
61.08,98.2984872,Vías rápidas
62.9,101.227486,Vías rápidas
64.79,104.2691386,Vías rápidas
43.23,69.5717682,Vías rápidas
26.82,43.1624988,Tráfico fluido
23.52,37.8516768,Tráfico moderado
21.32,34.3111288,Tráfico moderado
36.53,58.7891902,Tráfico fluido
61.62,99.1675308,Vías rápidas
61.57,99.0870638,Vías rápidas
61.53,99.0226902,Vías rápidas
61.18,98.4594212,Vías rápidas
60.89,97.9927126,Vías rápidas
60.32,97.0753888,Vías rápidas
61.25,98.572075,Vías rápidas
61.48,98.9422232,Vías rápidas
62.42,100.4550028,Vías rápidas
62.32,100.2940688,Vías rápidas
62.08,99.9078272,Vías rápidas
61.72,99.32846479999999,Vías rápidas
61.44,98.87784959999999,Vías rápidas
61.18,98.4594212,Vías rápidas
60.97,98.1214598,Vías rápidas
60.95,98.089273,Vías rápidas
61.19,98.4755146,Vías rápidas
62.89,101.2113926,Vías rápidas
60.46,97.3006964,Vías rápidas
40.54,65.2426436,Vías rápidas
25.36,40.8128624,Tráfico fluido
24.58,39.5575772,Tráfico moderado
22.71,36.5481114,Tráfico moderado
34.38,55.329109200000005,Tráfico fluido
62.27,100.2136018,Vías rápidas
62.31,100.2779754,Vías rápidas
62.63,100.7929642,Vías rápidas
62.15,100.020481,Vías rápidas
60.39,97.1880426,Vías rápidas
60.98,98.1375532,Vías rápidas
59.42,95.62698280000001,Vías rápidas
62.24,100.1653216,Vías rápidas
62.42,100.4550028,Vías rápidas
62.61,100.7607774,Vías rápidas
62.07,99.8917338,Vías rápidas
61.93,99.6664262,Vías rápidas
61.52,99.00659680000001,Vías rápidas
61.22,98.5237948,Vías rápidas
60.81,97.8639654,Vías rápidas
60.93,98.0570862,Vías rápidas
61.3,98.652542,Vías rápidas
62.68,100.8734312,Vías rápidas
64.21,103.33572139999998,Vías rápidas
44.21,71.1489214,Vías rápidas
24.52,39.461016799999996,Tráfico moderado
21.53,34.6490902,Tráfico moderado
21.52,34.6329968,Tráfico moderado
30.34,48.827375599999996,Tráfico fluido
62.38,100.3906292,Vías rápidas
62.71,100.9217114,Vías rápidas
62.76,101.00217839999999,Vías rápidas
61.68,99.2640912,Vías rápidas
61.66,99.23190439999999,Vías rápidas
62.65,100.82515099999999,Vías rápidas
62.7,100.905618,Vías rápidas
63.18,101.6781012,Vías rápidas
64.05,103.078227,Vías rápidas
63.62,102.3862108,Vías rápidas
62.07,99.8917338,Vías rápidas
61.83,99.50549219999999,Vías rápidas
61.64,99.1997176,Vías rápidas
61.18,98.4594212,Vías rápidas
61.09,98.3145806,Vías rápidas
60.88,97.9766192,Vías rápidas
60.95,98.089273,Vías rápidas
61.88,99.5859592,Vías rápidas
62.07,99.8917338,Vías rápidas
47.33,76.1700622,Vías rápidas
28.42,45.737442800000004,Tráfico fluido
25.59,41.1830106,Tráfico fluido
33.73,54.28303819999999,Tráfico fluido
58.47,94.0981098,Vías rápidas
62.45,100.50328300000001,Vías rápidas
62.51,100.5998434,Vías rápidas
62.2,100.100948,Vías rápidas
61.76,99.3928384,Vías rápidas
61.8,99.457212,Vías rápidas
61.75,99.376745,Vías rápidas
62.37,100.37453579999999,Vías rápidas
62.61,100.7607774,Vías rápidas
58.4,93.985456,Vías rápidas
63.38,101.99996920000001,Vías rápidas
62.53,100.6320302,Vías rápidas
62.35,100.342349,Vías rápidas
62.07,99.8917338,Vías rápidas
61.26,98.5881684,Vías rápidas
61.17,98.4433278,Vías rápidas
61.07,98.2823938,Vías rápidas
61.0,98.16974,Vías rápidas
61.31,98.6686354,Vías rápidas
62.09,99.9239206,Vías rápidas
61.98,99.74689319999999,Vías rápidas
62.39,100.4067226,Vías rápidas
62.18,100.0687612,Vías rápidas
60.96,98.1053664,Vías rápidas
60.62,97.55819079999999,Vías rápidas
60.65,97.606471,Vías rápidas
61.02,98.20192680000001,Vías rápidas
60.13,96.7696142,Vías rápidas
61.01,98.18583339999999,Vías rápidas
59.4,95.594796,Vías rápidas
59.98,96.5282132,Vías rápidas
61.18,98.4594212,Vías rápidas
61.31,98.6686354,Vías rápidas
63.1,101.54935400000001,Vías rápidas
61.91,99.6342394,Vías rápidas
63.04,101.45279359999999,Vías rápidas
62.63,100.7929642,Vías rápidas
62.36,100.3584424,Vías rápidas
61.89,99.60205260000001,Vías rápidas
61.4,98.813476,Vías rápidas
61.21,98.5077014,Vías rápidas
61.17,98.4433278,Vías rápidas
61.32,98.6847288,Vías rápidas
61.88,99.5859592,Vías rápidas
61.81,99.4733054,Vías rápidas
62.62,100.7768708,Vías rápidas
62.78,101.0343652,Vías rápidas
62.59,100.7285906,Vías rápidas
61.89,99.60205260000001,Vías rápidas
61.12,98.36286079999999,Vías rápidas
60.53,97.4133502,Vías rápidas
61.1,98.330674,Vías rápidas
60.78,97.8156852,Vías rápidas
60.97,98.1214598,Vías rápidas
60.22,96.9144548,Vías rápidas
60.21,96.8983614,Vías rápidas
62.36,100.3584424,Vías rápidas
62.39,100.4067226,Vías rápidas
61.48,98.9422232,Vías rápidas
62.44,100.4871896,Vías rápidas
62.98,101.35623319999999,Vías rápidas
62.02,99.8112668,Vías rápidas
61.47,98.9261298,Vías rápidas
61.14,98.3950476,Vías rápidas
61.02,98.20192680000001,Vías rápidas
61.19,98.4755146,Vías rápidas
62.66,100.8412444,Vías rápidas
63.9,102.836826,Vías rápidas
46.8,75.317112,Vías rápidas
25.5,41.03817,Tráfico fluido
22.72,36.5642048,Tráfico moderado
39.9,64.212666,Tráfico fluido
62.65,100.82515099999999,Vías rápidas
63.08,101.5171672,Vías rápidas
63.02,101.4206068,Vías rápidas
62.92,101.2596728,Vías rápidas
62.35,100.342349,Vías rápidas
62.33,100.3101622,Vías rápidas
61.46,98.9100364,Vías rápidas
62.03,99.8273602,Vías rápidas
62.92,101.2596728,Vías rápidas
63.64,102.4183976,Vías rápidas
62.78,101.0343652,Vías rápidas
63.17,101.6620078,Vías rápidas
62.24,100.1653216,Vías rápidas
61.8,99.457212,Vías rápidas
61.23,98.5398882,Vías rápidas
61.03,98.2180202,Vías rápidas
60.92,98.0409928,Vías rápidas
61.32,98.6847288,Vías rápidas
62.94,101.2918596,Vías rápidas
64.04,103.06213360000001,Vías rápidas
44.28,71.2615752,Vías rápidas
26.49,42.631416599999994,Tráfico fluido
24.26,39.0425884,Tráfico moderado
26.33,42.373922199999996,Tráfico fluido
56.9,91.571446,Vías rápidas
63.98,102.9655732,Vías rápidas
62.97,101.3401398,Vías rápidas
63.48,102.16090319999999,Vías rápidas
63.15,101.62982099999999,Vías rápidas
61.91,99.6342394,Vías rápidas
61.46,98.9100364,Vías rápidas
61.62,99.1675308,Vías rápidas
63.31,101.8873154,Vías rápidas
62.99,101.37232660000001,Vías rápidas
63.23,101.7585682,Vías rápidas
63.78,102.6437052,Vías rápidas
62.56,100.6803104,Vías rápidas
61.94,99.68251959999999,Vías rápidas
61.35,98.733009,Vías rápidas
60.94,98.07317959999999,Vías rápidas
60.9,98.00880599999999,Vías rápidas
61.11,98.3467674,Vías rápidas
62.6,100.744684,Vías rápidas
63.56,102.2896504,Vías rápidas
42.5,68.39695,Vías rápidas
24.7,39.750698,Tráfico moderado
23.65,38.060891,Tráfico moderado
30.8,49.567672,Tráfico fluido
60.77,97.7995918,Vías rápidas
62.56,100.6803104,Vías rápidas
63.49,102.17699660000001,Vías rápidas
63.03,101.4367002,Vías rápidas
63.18,101.6781012,Vías rápidas
62.12,99.9722008,Vías rápidas
62.16,100.03657439999999,Vías rápidas
62.23,100.1492282,Vías rápidas
63.17,101.6620078,Vías rápidas
63.74,102.5793316,Vías rápidas
62.88,101.19529920000001,Vías rápidas
63.18,101.6781012,Vías rápidas
62.52,100.6159368,Vías rápidas
61.5,98.97441,Vías rápidas
61.38,98.7812892,Vías rápidas
61.05,98.25020699999999,Vías rápidas
60.88,97.9766192,Vías rápidas
61.11,98.3467674,Vías rápidas
62.72,100.9378048,Vías rápidas
64.83,104.3335122,Vías rápidas
45.11,72.5973274,Vías rápidas
27.72,44.6109048,Tráfico fluido
25.15,40.474900999999996,Tráfico fluido
32.96,53.0438464,Tráfico fluido
60.31,97.0592954,Vías rápidas
63.59,102.3379306,Vías rápidas
63.12,101.5815408,Vías rápidas
62.92,101.2596728,Vías rápidas
62.29,100.2457886,Vías rápidas
61.62,99.1675308,Vías rápidas
62.35,100.342349,Vías rápidas
61.86,99.5537724,Vías rápidas
62.22,100.1331348,Vías rápidas
63.12,101.5815408,Vías rápidas
62.92,101.2596728,Vías rápidas
62.63,100.7929642,Vías rápidas
62.23,100.1492282,Vías rápidas
61.78,99.42502520000001,Vías rápidas
61.3,98.652542,Vías rápidas
61.09,98.3145806,Vías rápidas
60.89,97.9927126,Vías rápidas
61.09,98.3145806,Vías rápidas
62.38,100.3906292,Vías rápidas
63.18,101.6781012,Vías rápidas
50.52,81.3038568,Vías rápidas
26.45,42.567043,Tráfico fluido
31.79,51.160918599999995,Tráfico fluido
34.15,54.958960999999995,Tráfico fluido
55.82,89.8333588,Vías rápidas
63.11,101.5654474,Vías rápidas
62.52,100.6159368,Vías rápidas
62.67,100.8573378,Vías rápidas
61.88,99.5859592,Vías rápidas
61.4,98.813476,Vías rápidas
61.79,99.4411186,Vías rápidas
62.15,100.020481,Vías rápidas
62.39,100.4067226,Vías rápidas
63.91,102.85291939999999,Vías rápidas
62.97,101.3401398,Vías rápidas
62.12,99.9722008,Vías rápidas
62.85,101.147019,Vías rápidas
61.68,99.2640912,Vías rápidas
61.63,99.1836242,Vías rápidas
61.39,98.7973826,Vías rápidas
61.05,98.25020699999999,Vías rápidas
61.04,98.2341136,Vías rápidas
61.53,99.0226902,Vías rápidas
62.32,100.2940688,Vías rápidas
62.38,100.3906292,Vías rápidas
62.88,101.19529920000001,Vías rápidas
61.67,99.24799780000001,Vías rápidas
60.83,97.8961522,Vías rápidas
60.18,96.8500812,Vías rápidas
60.36,97.1397624,Vías rápidas
57.94,93.2451596,Vías rápidas
57.8,93.019852,Vías rápidas
60.26,96.9788284,Vías rápidas
59.01,94.9671534,Vías rápidas
44.36,71.3903224,Vías rápidas
49.52,79.6945168,Vías rápidas
59.84,96.3029056,Vías rápidas
61.49,98.9583166,Vías rápidas
61.69,99.2801846,Vías rápidas
62.0,99.77908,Vías rápidas
62.34,100.32625560000001,Vías rápidas
61.83,99.50549219999999,Vías rápidas
61.73,99.3445582,Vías rápidas
61.23,98.5398882,Vías rápidas
61.06,98.2663004,Vías rápidas
61.0,98.16974,Vías rápidas
61.21,98.5077014,Vías rápidas
61.44,98.87784959999999,Vías rápidas
62.04,99.8434536,Vías rápidas
62.36,100.3584424,Vías rápidas
63.07,101.5010738,Vías rápidas
61.82,99.4893988,Vías rápidas
62.48,100.55156319999999,Vías rápidas
60.92,98.0409928,Vías rápidas
60.39,97.1880426,Vías rápidas
61.2,98.491608,Vías rápidas
60.58,97.4938172,Vías rápidas
60.52,97.39725680000001,Vías rápidas
56.83,91.45879219999999,Vías rápidas
60.52,97.39725680000001,Vías rápidas
62.42,100.4550028,Vías rápidas
62.29,100.2457886,Vías rápidas
60.86,97.9444324,Vías rápidas
62.26,100.19750839999999,Vías rápidas
62.29,100.2457886,Vías rápidas
61.56,99.07097040000001,Vías rápidas
61.34,98.71691560000001,Vías rápidas
60.88,97.9766192,Vías rápidas
60.82,97.8800588,Vías rápidas
61.33,98.70082219999999,Vías rápidas
62.33,100.3101622,Vías rápidas
63.44,102.0965296,Vías rápidas
43.15,69.443021,Vías rápidas
26.06,41.9394004,Tráfico fluido
23.61,37.9965174,Tráfico moderado
36.82,59.2558988,Tráfico fluido
62.79,101.0504586,Vías rápidas
63.57,102.3057438,Vías rápidas
63.3,101.87122199999999,Vías rápidas
63.71,102.5310514,Vías rápidas
62.5,100.58375,Vías rápidas
61.49,98.9583166,Vías rápidas
61.18,98.4594212,Vías rápidas
61.71,99.3123714,Vías rápidas
62.33,100.3101622,Vías rápidas
63.23,101.7585682,Vías rápidas
62.95,101.307953,Vías rápidas
62.62,100.7768708,Vías rápidas
62.22,100.1331348,Vías rápidas
61.69,99.2801846,Vías rápidas
61.1,98.330674,Vías rápidas
61.05,98.25020699999999,Vías rápidas
60.89,97.9927126,Vías rápidas
61.21,98.5077014,Vías rápidas
62.26,100.19750839999999,Vías rápidas
63.2,101.710288,Vías rápidas
46.96,75.57460640000001,Vías rápidas
28.47,45.817909799999995,Tráfico fluido
25.19,40.5392746,Tráfico fluido
30.1,48.441134000000005,Tráfico fluido
40.17,64.6471878,Tráfico fluido
62.82,101.0987388,Vías rápidas
61.88,99.5859592,Vías rápidas
63.03,101.4367002,Vías rápidas
63.07,101.5010738,Vías rápidas
61.33,98.70082219999999,Vías rápidas
61.68,99.2640912,Vías rápidas
61.72,99.32846479999999,Vías rápidas
62.43,100.4710962,Vías rápidas
63.7,102.51495800000001,Vías rápidas
62.73,100.9538982,Vías rápidas
61.58,99.1031572,Vías rápidas
61.8,99.457212,Vías rápidas
61.71,99.3123714,Vías rápidas
61.12,98.36286079999999,Vías rápidas
60.99,98.1536466,Vías rápidas
60.92,98.0409928,Vías rápidas
60.69,97.6708446,Vías rápidas
62.62,100.7768708,Vías rápidas
64.96,104.54272639999999,Vías rápidas
44.26,71.22938839999999,Vías rápidas
25.03,40.2817802,Tráfico fluido
25.01,40.2495934,Tráfico fluido
25.12,40.4266208,Tráfico fluido
57.89,93.1646926,Vías rápidas
63.1,101.54935400000001,Vías rápidas
63.19,101.69419459999999,Vías rápidas
63.53,102.2413702,Vías rápidas
65.59,105.5566106,Vías rápidas
61.32,98.6847288,Vías rápidas
61.28,98.6203552,Vías rápidas
61.78,99.42502520000001,Vías rápidas
62.47,100.5354698,Vías rápidas
63.28,101.8390352,Vías rápidas
63.0,101.38842,Vías rápidas
62.85,101.147019,Vías rápidas
62.56,100.6803104,Vías rápidas
61.79,99.4411186,Vías rápidas
61.4,98.813476,Vías rápidas
60.99,98.1536466,Vías rápidas
60.92,98.0409928,Vías rápidas
61.12,98.36286079999999,Vías rápidas
62.39,100.4067226,Vías rápidas
64.98,104.57491320000001,Vías rápidas
44.52,71.6478168,Vías rápidas
24.3,39.106962,Tráfico moderado
24.27,39.0586818,Tráfico moderado
25.29,40.700208599999996,Tráfico fluido
34.86,56.1015924,Tráfico fluido
60.87,97.9605258,Vías rápidas
63.01,101.4045134,Vías rápidas
63.42,102.0643428,Vías rápidas
62.79,101.0504586,Vías rápidas
61.63,99.1836242,Vías rápidas
61.55,99.05487699999999,Vías rápidas
61.08,98.2984872,Vías rápidas
62.17,100.05266780000001,Vías rápidas
63.5,102.19309,Vías rápidas
63.49,102.17699660000001,Vías rápidas
63.12,101.5815408,Vías rápidas
62.82,101.0987388,Vías rápidas
61.8,99.457212,Vías rápidas
61.44,98.87784959999999,Vías rápidas
61.06,98.2663004,Vías rápidas
60.87,97.9605258,Vías rápidas
61.26,98.5881684,Vías rápidas
62.55,100.664217,Vías rápidas
64.24,103.38400159999999,Vías rápidas
45.3,72.90310199999999,Vías rápidas
31.98,51.4666932,Tráfico fluido
30.09,48.4250406,Tráfico fluido
25.19,40.5392746,Tráfico fluido
33.16,53.365714399999995,Tráfico fluido
41.42,66.65886280000001,Vías rápidas
61.15,98.411141,Vías rápidas
62.91,101.24357939999999,Vías rápidas
61.85,99.537679,Vías rápidas
60.87,97.9605258,Vías rápidas
62.14,100.0043876,Vías rápidas
63.16,101.6459144,Vías rápidas
63.56,102.2896504,Vías rápidas
63.96,102.9333864,Vías rápidas
63.03,101.4367002,Vías rápidas
63.82,102.7080788,Vías rápidas
63.3,101.87122199999999,Vías rápidas
62.43,100.4710962,Vías rápidas
61.76,99.3928384,Vías rápidas
61.48,98.9422232,Vías rápidas
61.14,98.3950476,Vías rápidas
61.17,98.4433278,Vías rápidas
61.54,99.0387836,Vías rápidas
62.5,100.58375,Vías rápidas
62.51,100.5998434,Vías rápidas
63.62,102.3862108,Vías rápidas
62.32,100.2940688,Vías rápidas
61.62,99.1675308,Vías rápidas
60.17,96.8339878,Vías rápidas
60.67,97.6386578,Vías rápidas
60.44,97.2685096,Vías rápidas
58.57,94.2590438,Vías rápidas
60.46,97.3006964,Vías rápidas
60.9,98.00880599999999,Vías rápidas
60.89,97.9927126,Vías rápidas
60.57,97.4777238,Vías rápidas
60.82,97.8800588,Vías rápidas
62.37,100.37453579999999,Vías rápidas
61.73,99.3445582,Vías rápidas
61.58,99.1031572,Vías rápidas
62.73,100.9538982,Vías rápidas
62.58,100.7124972,Vías rápidas
61.82,99.4893988,Vías rápidas
61.42,98.8456628,Vías rápidas
61.18,98.4594212,Vías rápidas
61.02,98.20192680000001,Vías rápidas
61.27,98.6042618,Vías rápidas
61.78,99.42502520000001,Vías rápidas
61.78,99.42502520000001,Vías rápidas
62.29,100.2457886,Vías rápidas
62.72,100.9378048,Vías rápidas
61.18,98.4594212,Vías rápidas
60.11,96.7374274,Vías rápidas
63.26,101.80684839999999,Vías rápidas
59.88,96.3672792,Vías rápidas
60.65,97.606471,Vías rápidas
59.67,96.0293178,Vías rápidas
60.38,97.1719492,Vías rápidas
60.48,97.3328832,Vías rápidas
61.14,98.3950476,Vías rápidas
62.08,99.9078272,Vías rápidas
62.28,100.2296952,Vías rápidas
61.08,98.2984872,Vías rápidas
62.02,99.8112668,Vías rápidas
61.62,99.1675308,Vías rápidas
61.56,99.07097040000001,Vías rápidas
61.29,98.6364486,Vías rápidas
61.01,98.18583339999999,Vías rápidas
60.79,97.83177859999999,Vías rápidas
61.17,98.4433278,Vías rápidas
62.64,100.8090576,Vías rápidas
63.34,101.9355956,Vías rápidas
44.45,71.535163,Vías rápidas
24.54,39.4932036,Tráfico moderado
22.1,35.566414,Tráfico moderado
44.88,72.22717920000001,Vías rápidas
57.07,91.8450338,Vías rápidas
62.02,99.8112668,Vías rápidas
61.67,99.24799780000001,Vías rápidas
62.91,101.24357939999999,Vías rápidas
62.3,100.261882,Vías rápidas
61.01,98.18583339999999,Vías rápidas
61.78,99.42502520000001,Vías rápidas
61.9,99.618146,Vías rápidas
62.83,101.1148322,Vías rápidas
62.74,100.9699916,Vías rápidas
62.29,100.2457886,Vías rápidas
61.78,99.42502520000001,Vías rápidas
61.93,99.6664262,Vías rápidas
61.66,99.23190439999999,Vías rápidas
61.16,98.42723439999999,Vías rápidas
60.78,97.8156852,Vías rápidas
60.9,98.00880599999999,Vías rápidas
61.23,98.5398882,Vías rápidas
62.28,100.2296952,Vías rápidas
63.29,101.8551286,Vías rápidas
41.27,66.4174618,Vías rápidas
24.95,40.153033,Tráfico fluido
23.36,37.5941824,Tráfico moderado
21.98,35.3732932,Tráfico moderado
53.31,85.7939154,Vías rápidas
62.24,100.1653216,Vías rápidas
62.13,99.9882942,Vías rápidas
54.79,88.1757386,Vías rápidas
61.65,99.215811,Vías rápidas
60.96,98.1053664,Vías rápidas
61.62,99.1675308,Vías rápidas
61.34,98.71691560000001,Vías rápidas
61.52,99.00659680000001,Vías rápidas
62.78,101.0343652,Vías rápidas
63.28,101.8390352,Vías rápidas
61.44,98.87784959999999,Vías rápidas
62.02,99.8112668,Vías rápidas
61.63,99.1836242,Vías rápidas
61.43,98.8617562,Vías rápidas
60.93,98.0570862,Vías rápidas
61.02,98.20192680000001,Vías rápidas
61.28,98.6203552,Vías rápidas
62.72,100.9378048,Vías rápidas
60.56,97.4616304,Vías rápidas
42.58,68.5256972,Vías rápidas
26.9,43.291246,Tráfico fluido
25.78,41.4887852,Tráfico fluido
41.35,66.546209,Vías rápidas
54.76,88.1274584,Vías rápidas
62.29,100.2457886,Vías rápidas
40.05,64.454067,Tráfico fluido
61.22,98.5237948,Vías rápidas
62.03,99.8273602,Vías rápidas
60.54,97.4294436,Vías rápidas
60.68,97.65475119999999,Vías rápidas
61.79,99.4411186,Vías rápidas
62.18,100.0687612,Vías rápidas
64.21,103.33572139999998,Vías rápidas
63.73,102.5632382,Vías rápidas
62.86,101.1631124,Vías rápidas
62.57,100.6964038,Vías rápidas
61.84,99.52158560000001,Vías rápidas
61.32,98.6847288,Vías rápidas
60.96,98.1053664,Vías rápidas
60.98,98.1375532,Vías rápidas
61.17,98.4433278,Vías rápidas
62.5,100.58375,Vías rápidas
63.5,102.19309,Vías rápidas
44.51,71.6317234,Vías rápidas
26.24,42.2290816,Tráfico fluido
26.23,42.2129882,Tráfico fluido
27.15,43.693580999999995,Tráfico fluido
60.68,97.65475119999999,Vías rápidas
62.74,100.9699916,Vías rápidas
62.11,99.9561074,Vías rápidas
62.09,99.9239206,Vías rápidas
61.73,99.3445582,Vías rápidas
61.89,99.60205260000001,Vías rápidas
61.92,99.6503328,Vías rápidas
62.16,100.03657439999999,Vías rápidas
62.48,100.55156319999999,Vías rápidas
63.81,102.69198540000001,Vías rápidas
63.35,101.951689,Vías rápidas
62.63,100.7929642,Vías rápidas
62.43,100.4710962,Vías rápidas
62.08,99.9078272,Vías rápidas
61.38,98.7812892,Vías rápidas
61.05,98.25020699999999,Vías rápidas
60.97,98.1214598,Vías rápidas
61.18,98.4594212,Vías rápidas
62.79,101.0504586,Vías rápidas
63.98,102.9655732,Vías rápidas
61.1,98.330674,Vías rápidas
44.42,71.4868828,Vías rápidas
47.08,75.7677272,Vías rápidas
58.12,93.5348408,Vías rápidas
61.42,98.8456628,Vías rápidas
61.68,99.2640912,Vías rápidas
62.74,100.9699916,Vías rápidas
63.46,102.1287164,Vías rápidas
62.74,100.9699916,Vías rápidas
63.02,101.4206068,Vías rápidas
63.63,102.4023042,Vías rápidas
63.1,101.54935400000001,Vías rápidas
63.75,102.595425,Vías rápidas
64.44,103.7058696,Vías rápidas
62.9,101.227486,Vías rápidas
62.81,101.0826454,Vías rápidas
62.58,100.7124972,Vías rápidas
62.08,99.9078272,Vías rápidas
61.47,98.9261298,Vías rápidas
61.32,98.6847288,Vías rápidas
61.18,98.4594212,Vías rápidas
61.12,98.36286079999999,Vías rápidas
61.32,98.6847288,Vías rápidas
62.02,99.8112668,Vías rápidas
62.79,101.0504586,Vías rápidas
63.31,101.8873154,Vías rápidas
62.51,100.5998434,Vías rápidas
62.32,100.2940688,Vías rápidas
61.33,98.70082219999999,Vías rápidas
61.4,98.813476,Vías rápidas
60.66,97.62256439999999,Vías rápidas
60.87,97.9605258,Vías rápidas
61.39,98.7973826,Vías rápidas
61.33,98.70082219999999,Vías rápidas
60.62,97.55819079999999,Vías rápidas
60.73,97.73521819999999,Vías rápidas
61.71,99.3123714,Vías rápidas
62.13,99.9882942,Vías rápidas
62.17,100.05266780000001,Vías rápidas
62.68,100.8734312,Vías rápidas
62.62,100.7768708,Vías rápidas
61.86,99.5537724,Vías rápidas
61.34,98.71691560000001,Vías rápidas
61.43,98.8617562,Vías rápidas
61.0,98.16974,Vías rápidas
61.06,98.2663004,Vías rápidas
61.21,98.5077014,Vías rápidas
61.55,99.05487699999999,Vías rápidas
61.64,99.1997176,Vías rápidas
61.98,99.74689319999999,Vías rápidas
62.41,100.4389094,Vías rápidas
61.51,98.9905034,Vías rápidas
57.49,92.5209566,Vías rápidas
60.63,97.57428420000001,Vías rápidas
60.06,96.6569604,Vías rápidas
60.11,96.7374274,Vías rápidas
60.46,97.3006964,Vías rápidas
60.07,96.6730538,Vías rápidas
60.93,98.0570862,Vías rápidas
61.84,99.52158560000001,Vías rápidas
62.12,99.9722008,Vías rápidas
62.32,100.2940688,Vías rápidas
61.48,98.9422232,Vías rápidas
62.06,99.87564040000001,Vías rápidas
61.52,99.00659680000001,Vías rápidas
61.59,99.1192506,Vías rápidas
61.48,98.9422232,Vías rápidas
61.23,98.5398882,Vías rápidas
61.1,98.330674,Vías rápidas
60.89,97.9927126,Vías rápidas
61.47,98.9261298,Vías rápidas
62.4,100.422816,Vías rápidas
62.05,99.85954699999999,Vías rápidas
61.65,99.215811,Vías rápidas
61.61,99.15143739999999,Vías rápidas
63.25,101.790755,Vías rápidas
63.28,101.8390352,Vías rápidas
62.2,100.100948,Vías rápidas
62.78,101.0343652,Vías rápidas
62.84,101.13092560000001,Vías rápidas
62.81,101.0826454,Vías rápidas
63.53,102.2413702,Vías rápidas
63.81,102.69198540000001,Vías rápidas
62.42,100.4550028,Vías rápidas
62.52,100.6159368,Vías rápidas
63.07,101.5010738,Vías rápidas
63.18,101.6781012,Vías rápidas
62.28,100.2296952,Vías rápidas
62.24,100.1653216,Vías rápidas
61.89,99.60205260000001,Vías rápidas
61.33,98.70082219999999,Vías rápidas
60.98,98.1375532,Vías rápidas
60.82,97.8800588,Vías rápidas
61.17,98.4433278,Vías rápidas
62.32,100.2940688,Vías rápidas
63.96,102.9333864,Vías rápidas
45.46,73.1605964,Vías rápidas
38.05,61.235386999999996,Tráfico fluido
24.99,40.2174066,Tráfico fluido
51.75,83.283345,Vías rápidas
62.42,100.4550028,Vías rápidas
62.27,100.2136018,Vías rápidas
61.54,99.0387836,Vías rápidas
56.66,91.18520439999999,Vías rápidas
61.4,98.813476,Vías rápidas
61.6,99.135344,Vías rápidas
61.62,99.1675308,Vías rápidas
61.57,99.0870638,Vías rápidas
61.82,99.4893988,Vías rápidas
63.82,102.7080788,Vías rápidas
63.22,101.7424748,Vías rápidas
62.34,100.32625560000001,Vías rápidas
62.14,100.0043876,Vías rápidas
61.35,98.733009,Vías rápidas
61.08,98.2984872,Vías rápidas
60.72,97.7191248,Vías rápidas
60.91,98.0248994,Vías rápidas
61.1,98.330674,Vías rápidas
61.92,99.6503328,Vías rápidas
58.24,93.7279616,Vías rápidas
42.04,67.6566536,Vías rápidas
27.36,44.0315424,Tráfico fluido
25.71,41.3761314,Tráfico fluido
29.5,47.47553,Tráfico fluido
57.27,92.1669018,Vías rápidas
62.31,100.2779754,Vías rápidas
57.83,93.0681322,Vías rápidas
44.72,71.9696848,Vías rápidas
51.98,83.6534932,Vías rápidas
61.38,98.7812892,Vías rápidas
65.86,105.9911324,Vías rápidas
61.4,98.813476,Vías rápidas
60.86,97.9444324,Vías rápidas
62.55,100.664217,Vías rápidas
62.59,100.7285906,Vías rápidas
62.05,99.85954699999999,Vías rápidas
62.35,100.342349,Vías rápidas
61.75,99.376745,Vías rápidas
61.02,98.20192680000001,Vías rápidas
60.88,97.9766192,Vías rápidas
60.92,98.0409928,Vías rápidas
61.22,98.5237948,Vías rápidas
62.22,100.1331348,Vías rápidas
63.31,101.8873154,Vías rápidas
44.22,71.1650148,Vías rápidas
26.31,42.3417354,Tráfico fluido
25.21,40.571461400000004,Tráfico fluido
44.58,71.7443772,Vías rápidas
52.12,83.8788008,Vías rápidas
59.01,94.9671534,Vías rápidas
53.93,86.7917062,Vías rápidas
58.93,94.8384062,Vías rápidas
61.95,99.69861300000001,Vías rápidas
61.01,98.18583339999999,Vías rápidas
60.98,98.1375532,Vías rápidas
60.78,97.8156852,Vías rápidas
61.48,98.9422232,Vías rápidas
62.6,100.744684,Vías rápidas
62.78,101.0343652,Vías rápidas
62.33,100.3101622,Vías rápidas
62.07,99.8917338,Vías rápidas
62.13,99.9882942,Vías rápidas
61.32,98.6847288,Vías rápidas
60.99,98.1536466,Vías rápidas
61.02,98.20192680000001,Vías rápidas
61.08,98.2984872,Vías rápidas
62.32,100.2940688,Vías rápidas
62.52,100.6159368,Vías rápidas
46.18,74.3193212,Vías rápidas
30.92,49.760792800000004,Tráfico fluido
31.05,49.970007,Tráfico fluido
33.35,53.671489,Tráfico fluido
41.98,67.5600932,Vías rápidas
61.4,98.813476,Vías rápidas
61.57,99.0870638,Vías rápidas
61.49,98.9583166,Vías rápidas
61.81,99.4733054,Vías rápidas
61.79,99.4411186,Vías rápidas
62.13,99.9882942,Vías rápidas
61.45,98.89394300000001,Vías rápidas
62.31,100.2779754,Vías rápidas
63.22,101.7424748,Vías rápidas
63.27,101.82294180000001,Vías rápidas
62.41,100.4389094,Vías rápidas
62.4,100.422816,Vías rápidas
62.6,100.744684,Vías rápidas
61.62,99.1675308,Vías rápidas
61.34,98.71691560000001,Vías rápidas
61.12,98.36286079999999,Vías rápidas
61.12,98.36286079999999,Vías rápidas
62.19,100.0848546,Vías rápidas
62.47,100.5354698,Vías rápidas
62.65,100.82515099999999,Vías rápidas
63.33,101.9195022,Vías rápidas
63.43,102.0804362,Vías rápidas
61.48,98.9422232,Vías rápidas
61.1,98.330674,Vías rápidas
60.75,97.767405,Vías rápidas
61.19,98.4755146,Vías rápidas
60.16,96.8178944,Vías rápidas
59.64,95.9810376,Vías rápidas
59.54,95.8201036,Vías rápidas
60.74,97.75131160000001,Vías rápidas
60.63,97.57428420000001,Vías rápidas
61.18,98.4594212,Vías rápidas
62.98,101.35623319999999,Vías rápidas
61.76,99.3928384,Vías rápidas
62.32,100.2940688,Vías rápidas
62.9,101.227486,Vías rápidas
61.27,98.6042618,Vías rápidas
61.71,99.3123714,Vías rápidas
61.19,98.4755146,Vías rápidas
61.34,98.71691560000001,Vías rápidas
61.08,98.2984872,Vías rápidas
61.38,98.7812892,Vías rápidas
61.82,99.4893988,Vías rápidas
62.02,99.8112668,Vías rápidas
62.38,100.3906292,Vías rápidas
62.62,100.7768708,Vías rápidas
61.66,99.23190439999999,Vías rápidas
60.73,97.73521819999999,Vías rápidas
60.38,97.1719492,Vías rápidas
59.82,96.2707188,Vías rápidas
59.62,95.9488508,Vías rápidas
59.7,96.07759800000001,Vías rápidas
61.52,99.00659680000001,Vías rápidas
61.29,98.6364486,Vías rápidas
61.81,99.4733054,Vías rápidas
61.87,99.5698658,Vías rápidas
62.34,100.32625560000001,Vías rápidas
60.33,97.0914822,Vías rápidas
60.75,97.767405,Vías rápidas
62.73,100.9538982,Vías rápidas
61.71,99.3123714,Vías rápidas
61.43,98.8617562,Vías rápidas
60.89,97.9927126,Vías rápidas
60.91,98.0248994,Vías rápidas
61.39,98.7973826,Vías rápidas
62.29,100.2457886,Vías rápidas
59.61,95.9327574,Vías rápidas
40.9,65.822006,Vías rápidas
28.86,46.4455524,Tráfico fluido
27.78,44.7074652,Tráfico fluido
21.41,34.4559694,Tráfico moderado
44.08,70.9397072,Vías rápidas
59.77,96.1902518,Vías rápidas
60.13,96.7696142,Vías rápidas
59.46,95.6913564,Vías rápidas
60.71,97.7030314,Vías rápidas
59.02,94.9832468,Vías rápidas
59.62,95.9488508,Vías rápidas
60.29,97.02710859999999,Vías rápidas
61.02,98.20192680000001,Vías rápidas
63.08,101.5171672,Vías rápidas
63.38,101.99996920000001,Vías rápidas
61.98,99.74689319999999,Vías rápidas
62.01,99.7951734,Vías rápidas
61.64,99.1997176,Vías rápidas
61.38,98.7812892,Vías rápidas
60.98,98.1375532,Vías rápidas
60.96,98.1053664,Vías rápidas
61.13,98.37895420000001,Vías rápidas
62.12,99.9722008,Vías rápidas
64.31,103.49665540000001,Vías rápidas
50.0,80.467,Vías rápidas
27.82,44.7718388,Tráfico fluido
25.72,41.3922248,Tráfico fluido
25.47,40.9898898,Tráfico fluido
58.89,94.7740326,Vías rápidas
66.84,107.56828560000001,Vías rápidas
62.98,101.35623319999999,Vías rápidas
61.88,99.5859592,Vías rápidas
61.38,98.7812892,Vías rápidas
61.52,99.00659680000001,Vías rápidas
61.23,98.5398882,Vías rápidas
61.34,98.71691560000001,Vías rápidas
61.62,99.1675308,Vías rápidas
63.42,102.0643428,Vías rápidas
62.82,101.0987388,Vías rápidas
62.48,100.55156319999999,Vías rápidas
62.02,99.8112668,Vías rápidas
61.84,99.52158560000001,Vías rápidas
61.41,98.8295694,Vías rápidas
60.82,97.8800588,Vías rápidas
60.93,98.0570862,Vías rápidas
61.12,98.36286079999999,Vías rápidas
62.55,100.664217,Vías rápidas
62.32,100.2940688,Vías rápidas
43.12,69.3947408,Vías rápidas
30.1,48.441134000000005,Tráfico fluido
26.15,42.084241,Tráfico fluido
24.25,39.026495,Tráfico moderado
56.38,90.7345892,Vías rápidas
60.98,98.1375532,Vías rápidas
62.29,100.2457886,Vías rápidas
60.94,98.07317959999999,Vías rápidas
61.18,98.4594212,Vías rápidas
60.8,97.847872,Vías rápidas
61.99,99.7629866,Vías rápidas
62.15,100.020481,Vías rápidas
62.46,100.5193764,Vías rápidas
63.19,101.69419459999999,Vías rápidas
62.83,101.1148322,Vías rápidas
62.68,100.8734312,Vías rápidas
62.07,99.8917338,Vías rápidas
61.72,99.32846479999999,Vías rápidas
61.34,98.71691560000001,Vías rápidas
60.97,98.1214598,Vías rápidas
61.1,98.330674,Vías rápidas
60.89,97.9927126,Vías rápidas
62.82,101.0987388,Vías rápidas
65.02,104.6392868,Vías rápidas
45.95,73.949173,Vías rápidas
26.95,43.371713,Tráfico fluido
30.1,48.441134000000005,Tráfico fluido
57.68,92.8267312,Vías rápidas
60.2,96.88226800000001,Vías rápidas
62.42,100.4550028,Vías rápidas
62.83,101.1148322,Vías rápidas
63.08,101.5171672,Vías rápidas
61.68,99.2640912,Vías rápidas
62.74,100.9699916,Vías rápidas
62.43,100.4710962,Vías rápidas
61.83,99.50549219999999,Vías rápidas
62.28,100.2296952,Vías rápidas
63.27,101.82294180000001,Vías rápidas
63.91,102.85291939999999,Vías rápidas
62.33,100.3101622,Vías rápidas
62.38,100.3906292,Vías rápidas
61.62,99.1675308,Vías rápidas
61.52,99.00659680000001,Vías rápidas
61.1,98.330674,Vías rápidas
60.94,98.07317959999999,Vías rápidas
61.22,98.5237948,Vías rápidas
62.09,99.9239206,Vías rápidas
62.52,100.6159368,Vías rápidas
48.37,77.84377579999999,Vías rápidas
27.38,44.0637292,Tráfico fluido
27.12,43.6453008,Tráfico fluido
31.74,51.080451599999996,Tráfico fluido
27.83,44.7879322,Tráfico fluido
55.32,89.0286888,Vías rápidas
61.12,98.36286079999999,Vías rápidas
62.54,100.6481236,Vías rápidas
61.72,99.32846479999999,Vías rápidas
62.74,100.9699916,Vías rápidas
62.84,101.13092560000001,Vías rápidas
62.28,100.2296952,Vías rápidas
62.58,100.7124972,Vías rápidas
63.83,102.7241722,Vías rápidas
63.33,101.9195022,Vías rápidas
62.12,99.9722008,Vías rápidas
62.82,101.0987388,Vías rápidas
62.37,100.37453579999999,Vías rápidas
61.39,98.7973826,Vías rápidas
61.18,98.4594212,Vías rápidas
61.09,98.3145806,Vías rápidas
61.21,98.5077014,Vías rápidas
61.72,99.32846479999999,Vías rápidas
62.62,100.7768708,Vías rápidas
62.87,101.17920579999999,Vías rápidas
62.66,100.8412444,Vías rápidas
62.22,100.1331348,Vías rápidas
61.32,98.6847288,Vías rápidas
60.32,97.0753888,Vías rápidas
59.72,96.1097848,Vías rápidas
54.82,88.2240188,Vías rápidas
59.78,96.2063452,Vías rápidas
59.75,96.158065,Vías rápidas
60.42,97.2363228,Vías rápidas
60.12,96.75352079999999,Vías rápidas
61.1,98.330674,Vías rápidas
60.52,97.39725680000001,Vías rápidas
61.82,99.4893988,Vías rápidas
61.68,99.2640912,Vías rápidas
62.81,101.0826454,Vías rápidas
62.87,101.17920579999999,Vías rápidas
61.74,99.3606516,Vías rápidas
61.92,99.6503328,Vías rápidas
61.35,98.733009,Vías rápidas
60.97,98.1214598,Vías rápidas
60.97,98.1214598,Vías rápidas
61.21,98.5077014,Vías rápidas
61.94,99.68251959999999,Vías rápidas
62.21,100.1170414,Vías rápidas
62.27,100.2136018,Vías rápidas
62.15,100.020481,Vías rápidas
62.42,100.4550028,Vías rápidas
60.56,97.4616304,Vías rápidas
61.78,99.42502520000001,Vías rápidas
60.39,97.1880426,Vías rápidas
60.22,96.9144548,Vías rápidas
60.78,97.8156852,Vías rápidas
62.05,99.85954699999999,Vías rápidas
61.98,99.74689319999999,Vías rápidas
62.06,99.87564040000001,Vías rápidas
62.58,100.7124972,Vías rápidas
62.82,101.0987388,Vías rápidas
62.83,101.1148322,Vías rápidas
62.28,100.2296952,Vías rápidas
62.21,100.1170414,Vías rápidas
62.1,99.940014,Vías rápidas
61.3,98.652542,Vías rápidas
60.98,98.1375532,Vías rápidas
60.86,97.9444324,Vías rápidas
61.17,98.4433278,Vías rápidas
62.17,100.05266780000001,Vías rápidas
59.25,95.353395,Vías rápidas
46.32,74.5446288,Vías rápidas
29.97,48.2319198,Tráfico fluido
35.69,57.437344599999996,Tráfico fluido
58.22,93.6957748,Vías rápidas
59.42,95.62698280000001,Vías rápidas
59.68,96.0454112,Vías rápidas
59.94,96.4638396,Vías rápidas
59.91,96.41555939999999,Vías rápidas
61.34,98.71691560000001,Vías rápidas
58.91,94.80621939999999,Vías rápidas
60.08,96.6891472,Vías rápidas
60.5,97.36507,Vías rápidas
61.49,98.9583166,Vías rápidas
63.14,101.6137276,Vías rápidas
63.06,101.4849804,Vías rápidas
62.73,100.9538982,Vías rápidas
62.72,100.9378048,Vías rápidas
61.75,99.376745,Vías rápidas
61.29,98.6364486,Vías rápidas
61.02,98.20192680000001,Vías rápidas
60.99,98.1536466,Vías rápidas
61.2,98.491608,Vías rápidas
62.6,100.744684,Vías rápidas
62.9,101.227486,Vías rápidas
40.02,64.4057868,Tráfico fluido
25.54,41.1025436,Tráfico fluido
23.9,38.463226,Tráfico moderado
25.02,40.2656868,Tráfico fluido
44.38,71.42250920000001,Vías rápidas
63.12,101.5815408,Vías rápidas
62.28,100.2296952,Vías rápidas
61.92,99.6503328,Vías rápidas
61.47,98.9261298,Vías rápidas
60.93,98.0570862,Vías rápidas
59.92,96.43165280000001,Vías rápidas
61.78,99.42502520000001,Vías rápidas
61.62,99.1675308,Vías rápidas
62.76,101.00217839999999,Vías rápidas
62.78,101.0343652,Vías rápidas
62.7,100.905618,Vías rápidas
62.4,100.422816,Vías rápidas
61.81,99.4733054,Vías rápidas
61.43,98.8617562,Vías rápidas
60.9,98.00880599999999,Vías rápidas
61.04,98.2341136,Vías rápidas
61.14,98.3950476,Vías rápidas
62.56,100.6803104,Vías rápidas
67.27,108.2603018,Vías rápidas
44.3,71.293762,Vías rápidas
26.76,43.0659384,Tráfico fluido
25.72,41.3922248,Tráfico fluido
25.72,41.3922248,Tráfico fluido
43.01,69.2177134,Vías rápidas
62.79,101.0504586,Vías rápidas
63.11,101.5654474,Vías rápidas
62.54,100.6481236,Vías rápidas
61.75,99.376745,Vías rápidas
61.52,99.00659680000001,Vías rápidas
60.22,96.9144548,Vías rápidas
61.16,98.42723439999999,Vías rápidas
62.1,99.940014,Vías rápidas
62.98,101.35623319999999,Vías rápidas
63.02,101.4206068,Vías rápidas
62.06,99.87564040000001,Vías rápidas
62.2,100.100948,Vías rápidas
61.72,99.32846479999999,Vías rápidas
61.22,98.5237948,Vías rápidas
55.82,89.8333588,Vías rápidas
61.08,98.2984872,Vías rápidas
61.18,98.4594212,Vías rápidas
62.88,101.19529920000001,Vías rápidas
63.02,101.4206068,Vías rápidas
45.52,73.2571568,Vías rápidas
28.87,46.4616458,Tráfico fluido
24.81,39.9277254,Tráfico moderado
28.85,46.429459,Tráfico fluido
45.94,73.9330796,Vías rápidas
61.67,99.24799780000001,Vías rápidas
61.14,98.3950476,Vías rápidas
62.18,100.0687612,Vías rápidas
60.36,97.1397624,Vías rápidas
60.7,97.686938,Vías rápidas
61.07,98.2823938,Vías rápidas
61.37,98.7651958,Vías rápidas
62.14,100.0043876,Vías rápidas
61.82,99.4893988,Vías rápidas
61.39,98.7973826,Vías rápidas
61.8,99.457212,Vías rápidas
61.58,99.1031572,Vías rápidas
61.52,99.00659680000001,Vías rápidas
61.39,98.7973826,Vías rápidas
61.0,98.16974,Vías rápidas
61.08,98.2984872,Vías rápidas
61.18,98.4594212,Vías rápidas
62.8,101.066552,Vías rápidas
63.19,101.69419459999999,Vías rápidas
47.44,76.34708959999999,Vías rápidas
32.55,52.38401699999999,Tráfico fluido
24.78,39.8794452,Tráfico moderado
28.98,46.6386732,Tráfico fluido
40.18,64.6632812,Tráfico fluido
61.42,98.8456628,Vías rápidas
61.37,98.7651958,Vías rápidas
51.95,83.605213,Vías rápidas
60.35,97.123669,Vías rápidas
61.57,99.0870638,Vías rápidas
61.28,98.6203552,Vías rápidas
61.75,99.376745,Vías rápidas
63.01,101.4045134,Vías rápidas
63.91,102.85291939999999,Vías rápidas
63.08,101.5171672,Vías rápidas
62.08,99.9078272,Vías rápidas
62.55,100.664217,Vías rápidas
61.93,99.6664262,Vías rápidas
61.7,99.296278,Vías rápidas
61.33,98.70082219999999,Vías rápidas
61.18,98.4594212,Vías rápidas
60.94,98.07317959999999,Vías rápidas
61.54,99.0387836,Vías rápidas
62.18,100.0687612,Vías rápidas
62.64,100.8090576,Vías rápidas
62.92,101.2596728,Vías rápidas
62.69,100.8895246,Vías rápidas
60.84,97.9122456,Vías rápidas
60.38,97.1719492,Vías rápidas
60.48,97.3328832,Vías rápidas
60.23,96.93054819999999,Vías rápidas
60.51,97.38116339999999,Vías rápidas
59.86,96.3350924,Vías rápidas
60.28,97.0110152,Vías rápidas
60.28,97.0110152,Vías rápidas
61.28,98.6203552,Vías rápidas
60.92,98.0409928,Vías rápidas
62.82,101.0987388,Vías rápidas
62.39,100.4067226,Vías rápidas
62.47,100.5354698,Vías rápidas
62.68,100.8734312,Vías rápidas
62.48,100.55156319999999,Vías rápidas
61.82,99.4893988,Vías rápidas
61.36,98.7491024,Vías rápidas
61.32,98.6847288,Vías rápidas
61.16,98.42723439999999,Vías rápidas
61.34,98.71691560000001,Vías rápidas
61.72,99.32846479999999,Vías rápidas
61.92,99.6503328,Vías rápidas
62.66,100.8412444,Vías rápidas
63.02,101.4206068,Vías rápidas
62.54,100.6481236,Vías rápidas
61.73,99.3445582,Vías rápidas
62.68,100.8734312,Vías rápidas
61.02,98.20192680000001,Vías rápidas
61.59,99.1192506,Vías rápidas
61.83,99.50549219999999,Vías rápidas
61.65,99.215811,Vías rápidas
62.92,101.2596728,Vías rápidas
62.47,100.5354698,Vías rápidas
61.83,99.50549219999999,Vías rápidas
61.84,99.52158560000001,Vías rápidas
62.22,100.1331348,Vías rápidas
62.12,99.9722008,Vías rápidas
62.68,100.8734312,Vías rápidas
62.24,100.1653216,Vías rápidas
61.52,99.00659680000001,Vías rápidas
61.04,98.2341136,Vías rápidas
60.97,98.1214598,Vías rápidas
61.18,98.4594212,Vías rápidas
62.39,100.4067226,Vías rápidas
60.26,96.9788284,Vías rápidas
44.87,72.21108579999999,Vías rápidas
28.62,46.0593108,Tráfico fluido
24.14,38.849467600000004,Tráfico moderado
35.57,57.2442238,Tráfico fluido
58.94,94.8544996,Vías rápidas
60.11,96.7374274,Vías rápidas
59.62,95.9488508,Vías rápidas
58.24,93.7279616,Vías rápidas
59.81,96.25462540000001,Vías rápidas
58.98,94.9188732,Vías rápidas
59.72,96.1097848,Vías rápidas
60.17,96.8339878,Vías rápidas
59.94,96.4638396,Vías rápidas
62.91,101.24357939999999,Vías rápidas
62.73,100.9538982,Vías rápidas
61.76,99.3928384,Vías rápidas
61.75,99.376745,Vías rápidas
61.51,98.9905034,Vías rápidas
61.42,98.8456628,Vías rápidas
61.16,98.42723439999999,Vías rápidas
61.02,98.20192680000001,Vías rápidas
61.18,98.4594212,Vías rápidas
62.44,100.4871896,Vías rápidas
62.6,100.744684,Vías rápidas
44.39,71.4386026,Vías rápidas
26.82,43.1624988,Tráfico fluido
27.33,43.9832622,Tráfico fluido
22.71,36.5481114,Tráfico moderado
48.91,78.7128194,Vías rápidas
62.4,100.422816,Vías rápidas
62.37,100.37453579999999,Vías rápidas
61.9,99.618146,Vías rápidas
61.89,99.60205260000001,Vías rápidas
60.26,96.9788284,Vías rápidas
61.1,98.330674,Vías rápidas
60.3,97.043202,Vías rápidas
44.55,71.696097,Vías rápidas
63.13,101.5976342,Vías rápidas
63.1,101.54935400000001,Vías rápidas
61.63,99.1836242,Vías rápidas
62.56,100.6803104,Vías rápidas
61.92,99.6503328,Vías rápidas
61.28,98.6203552,Vías rápidas
61.21,98.5077014,Vías rápidas
61.02,98.20192680000001,Vías rápidas
61.32,98.6847288,Vías rápidas
62.68,100.8734312,Vías rápidas
63.49,102.17699660000001,Vías rápidas
42.18,67.8819612,Vías rápidas
26.42,42.518762800000005,Tráfico fluido
22.44,36.113589600000005,Tráfico moderado
23.72,38.173544799999995,Tráfico moderado
49.43,79.5496762,Vías rápidas
62.36,100.3584424,Vías rápidas
62.79,101.0504586,Vías rápidas
62.65,100.82515099999999,Vías rápidas
62.08,99.9078272,Vías rápidas
61.51,98.9905034,Vías rápidas
61.1,98.330674,Vías rápidas
61.72,99.32846479999999,Vías rápidas
62.81,101.0826454,Vías rápidas
63.78,102.6437052,Vías rápidas
63.9,102.836826,Vías rápidas
61.64,99.1997176,Vías rápidas
62.66,100.8412444,Vías rápidas
61.87,99.5698658,Vías rápidas
61.51,98.9905034,Vías rápidas
60.94,98.07317959999999,Vías rápidas
61.03,98.2180202,Vías rápidas
61.13,98.37895420000001,Vías rápidas
62.76,101.00217839999999,Vías rápidas
62.96,101.3240464,Vías rápidas
44.42,71.4868828,Vías rápidas
26.72,43.0015648,Tráfico fluido
23.26,37.433248400000004,Tráfico moderado
23.95,38.543693,Tráfico moderado
31.62,50.8873308,Tráfico fluido
59.38,95.5626092,Vías rápidas
61.11,98.3467674,Vías rápidas
62.02,99.8112668,Vías rápidas
61.61,99.15143739999999,Vías rápidas
61.52,99.00659680000001,Vías rápidas
62.37,100.37453579999999,Vías rápidas
62.21,100.1170414,Vías rápidas
62.62,100.7768708,Vías rápidas
63.72,102.5471448,Vías rápidas
63.23,101.7585682,Vías rápidas
62.27,100.2136018,Vías rápidas
61.52,99.00659680000001,Vías rápidas
61.94,99.68251959999999,Vías rápidas
61.42,98.8456628,Vías rápidas
61.14,98.3950476,Vías rápidas
60.92,98.0409928,Vías rápidas
61.16,98.42723439999999,Vías rápidas
62.66,100.8412444,Vías rápidas
63.72,102.5471448,Vías rápidas
47.71,76.7816114,Vías rápidas
32.06,51.5954404,Tráfico fluido
23.65,38.060891,Tráfico moderado
24.03,38.672440200000004,Tráfico moderado
30.92,49.760792800000004,Tráfico fluido
61.73,99.3445582,Vías rápidas
62.68,100.8734312,Vías rápidas
61.39,98.7973826,Vías rápidas
61.14,98.3950476,Vías rápidas
61.37,98.7651958,Vías rápidas
60.82,97.8800588,Vías rápidas
61.38,98.7812892,Vías rápidas
62.62,100.7768708,Vías rápidas
63.3,101.87122199999999,Vías rápidas
63.08,101.5171672,Vías rápidas
62.59,100.7285906,Vías rápidas
63.02,101.4206068,Vías rápidas
61.99,99.7629866,Vías rápidas
62.27,100.2136018,Vías rápidas
61.22,98.5237948,Vías rápidas
61.02,98.20192680000001,Vías rápidas
60.92,98.0409928,Vías rápidas
61.55,99.05487699999999,Vías rápidas
62.39,100.4067226,Vías rápidas
62.84,101.13092560000001,Vías rápidas
63.08,101.5171672,Vías rápidas
62.22,100.1331348,Vías rápidas
61.42,98.8456628,Vías rápidas
60.7,97.686938,Vías rápidas
60.82,97.8800588,Vías rápidas
61.27,98.6042618,Vías rápidas
60.8,97.847872,Vías rápidas
60.61,97.5420974,Vías rápidas
60.55,97.445537,Vías rápidas
60.92,98.0409928,Vías rápidas
60.53,97.4133502,Vías rápidas
61.48,98.9422232,Vías rápidas
62.38,100.3906292,Vías rápidas
62.22,100.1331348,Vías rápidas
62.34,100.32625560000001,Vías rápidas
62.88,101.19529920000001,Vías rápidas
62.27,100.2136018,Vías rápidas
61.29,98.6364486,Vías rápidas
61.23,98.5398882,Vías rápidas
61.15,98.411141,Vías rápidas
60.86,97.9444324,Vías rápidas
61.02,98.20192680000001,Vías rápidas
61.62,99.1675308,Vías rápidas
61.82,99.4893988,Vías rápidas
61.91,99.6342394,Vías rápidas
62.59,100.7285906,Vías rápidas
62.19,100.0848546,Vías rápidas
60.85,97.92833900000001,Vías rápidas
62.22,100.1331348,Vías rápidas
60.02,96.5925868,Vías rápidas
59.77,96.1902518,Vías rápidas
61.47,98.9261298,Vías rápidas
61.58,99.1031572,Vías rápidas
61.91,99.6342394,Vías rápidas
61.36,98.7491024,Vías rápidas
61.43,98.8617562,Vías rápidas
61.29,98.6364486,Vías rápidas
62.15,100.020481,Vías rápidas
61.52,99.00659680000001,Vías rápidas
61.85,99.537679,Vías rápidas
61.72,99.32846479999999,Vías rápidas
61.29,98.6364486,Vías rápidas
60.88,97.9766192,Vías rápidas
60.92,98.0409928,Vías rápidas
61.16,98.42723439999999,Vías rápidas
61.81,99.4733054,Vías rápidas
59.11,95.1280874,Vías rápidas
43.44,69.90972959999999,Vías rápidas
32.17,51.7724678,Tráfico fluido
31.22,50.2435948,Tráfico fluido
26.11,42.019867399999995,Tráfico fluido
59.93,96.4477462,Vías rápidas
60.61,97.5420974,Vías rápidas
60.64,97.5903776,Vías rápidas
61.5,98.97441,Vías rápidas
62.68,100.8734312,Vías rápidas
61.22,98.5237948,Vías rápidas
61.38,98.7812892,Vías rápidas
61.3,98.652542,Vías rápidas
61.51,98.9905034,Vías rápidas
61.06,98.2663004,Vías rápidas
62.14,100.0043876,Vías rápidas
61.21,98.5077014,Vías rápidas
61.78,99.42502520000001,Vías rápidas
62.02,99.8112668,Vías rápidas
61.51,98.9905034,Vías rápidas
60.93,98.0570862,Vías rápidas
61.0,98.16974,Vías rápidas
61.18,98.4594212,Vías rápidas
62.42,100.4550028,Vías rápidas
58.98,94.9188732,Vías rápidas
42.8,68.879752,Vías rápidas
31.37,50.4849958,Tráfico fluido
27.78,44.7074652,Tráfico fluido
54.58,87.83777719999999,Vías rápidas
61.62,99.1675308,Vías rápidas
61.74,99.3606516,Vías rápidas
61.71,99.3123714,Vías rápidas
62.06,99.87564040000001,Vías rápidas
61.81,99.4733054,Vías rápidas
60.85,97.92833900000001,Vías rápidas
62.09,99.9239206,Vías rápidas
61.48,98.9422232,Vías rápidas
61.47,98.9261298,Vías rápidas
63.3,101.87122199999999,Vías rápidas
63.03,101.4367002,Vías rápidas
62.08,99.9078272,Vías rápidas
62.12,99.9722008,Vías rápidas
61.6,99.135344,Vías rápidas
61.36,98.7491024,Vías rápidas
60.88,97.9766192,Vías rápidas
60.99,98.1536466,Vías rápidas
61.24,98.55598160000001,Vías rápidas
62.27,100.2136018,Vías rápidas
63.53,102.2413702,Vías rápidas
45.16,72.6777944,Vías rápidas
31.18,50.1792212,Tráfico fluido
28.38,45.6730692,Tráfico fluido
34.95,56.246433,Tráfico fluido
35.68,57.4212512,Tráfico fluido
62.57,100.6964038,Vías rápidas
62.35,100.342349,Vías rápidas
65.04,104.67147360000001,Vías rápidas
62.05,99.85954699999999,Vías rápidas
61.52,99.00659680000001,Vías rápidas
61.76,99.3928384,Vías rápidas
61.55,99.05487699999999,Vías rápidas
62.18,100.0687612,Vías rápidas
63.0,101.38842,Vías rápidas
63.09,101.5332606,Vías rápidas
61.79,99.4411186,Vías rápidas
62.34,100.32625560000001,Vías rápidas
61.59,99.1192506,Vías rápidas
61.3,98.652542,Vías rápidas
60.97,98.1214598,Vías rápidas
61.06,98.2663004,Vías rápidas
61.47,98.9261298,Vías rápidas
62.78,101.0343652,Vías rápidas
61.72,99.32846479999999,Vías rápidas
45.52,73.2571568,Vías rápidas
31.05,49.970007,Tráfico fluido
24.65,39.670230999999994,Tráfico moderado
32.43,52.1908962,Tráfico fluido
53.49,86.0835966,Vías rápidas
62.07,99.8917338,Vías rápidas
62.75,100.986085,Vías rápidas
62.45,100.50328300000001,Vías rápidas
61.78,99.42502520000001,Vías rápidas
61.54,99.0387836,Vías rápidas
62.0,99.77908,Vías rápidas
61.93,99.6664262,Vías rápidas
62.68,100.8734312,Vías rápidas
63.33,101.9195022,Vías rápidas
63.12,101.5815408,Vías rápidas
62.32,100.2940688,Vías rápidas
62.31,100.2779754,Vías rápidas
61.82,99.4893988,Vías rápidas
61.55,99.05487699999999,Vías rápidas
61.04,98.2341136,Vías rápidas
60.88,97.9766192,Vías rápidas
61.13,98.37895420000001,Vías rápidas
62.86,101.1631124,Vías rápidas
62.99,101.37232660000001,Vías rápidas
55.15,88.755101,Vías rápidas
52.56,84.58691040000001,Vías rápidas
39.22,63.1183148,Tráfico fluido
44.32,71.3259488,Vías rápidas
34.69,55.82800459999999,Tráfico fluido
61.42,98.8456628,Vías rápidas
62.48,100.55156319999999,Vías rápidas
52.84,85.03752560000001,Vías rápidas
60.11,96.7374274,Vías rápidas
61.63,99.1836242,Vías rápidas
61.52,99.00659680000001,Vías rápidas
62.52,100.6159368,Vías rápidas
62.97,101.3401398,Vías rápidas
63.6,102.354024,Vías rápidas
62.65,100.82515099999999,Vías rápidas
61.92,99.6503328,Vías rápidas
63.11,101.5654474,Vías rápidas
62.52,100.6159368,Vías rápidas
